os,url,kode
3M,https://ace.tokopedia.com/search/product/v4?shop_id=9951438&rows=1000&start=0&full_domain=www.tokopedia.com&scheme=https&device=desktop&source=shop_product,
abbotthealth,https://ace.tokopedia.com/search/product/v4?shop_id=14225793&rows=1000&start=0&full_domain=www.tokopedia.com&scheme=https&device=desktop&source=shop_product,14225793
ABC,https://ace.tokopedia.com/search/product/v4?shop_id=4852947&rows=1000&start=0&full_domain=www.tokopedia.com&scheme=https&device=desktop&source=shop_product,
abcpresident,https://ace.tokopedia.com/search/product/v4?shop_id=9519470&rows=1000&start=0&full_domain=www.tokopedia.com&scheme=https&device=desktop&source=shop_product,9519470
aceindonesiaid,https://ace.tokopedia.com/search/product/v4?shop_id=8069167&rows=1000&start=0&full_domain=www.tokopedia.com&scheme=https&device=desktop&source=shop_product,
adidas-combat,https://ace.tokopedia.com/search/product/v4?shop_id=3201659&rows=1000&start=0&full_domain=www.tokopedia.com&scheme=https&device=desktop&source=shop_product,3201659
adidasbodycare,https://ace.tokopedia.com/search/product/v4?shop_id=5594412&rows=1000&start=0&full_domain=www.tokopedia.com&scheme=https&device=desktop&source=shop_product,5594412
adidasfitness,https://ace.tokopedia.com/search/product/v4?shop_id=12240684&rows=1000&start=0&full_domain=www.tokopedia.com&scheme=https&device=desktop&source=shop_product,12240684
adidasindonesiaofficial,https://ace.tokopedia.com/search/product/v4?shop_id=11560671&rows=1000&start=0&full_domain=www.tokopedia.com&scheme=https&device=desktop&source=shop_product,11560671
air-mancur,https://ace.tokopedia.com/search/product/v4?shop_id=2706045&rows=1000&start=0&full_domain=www.tokopedia.com&scheme=https&device=desktop&source=shop_product,2706045
americantourister,https://ace.tokopedia.com/search/product/v4?shop_id=9533390&rows=1000&start=0&full_domain=www.tokopedia.com&scheme=https&device=desktop&source=shop_product,
anker-indonesia,https://ace.tokopedia.com/search/product/v4?shop_id=1645551&rows=1000&start=0&full_domain=www.tokopedia.com&scheme=https&device=desktop&source=shop_product,
arirangofficial,https://ace.tokopedia.com/search/product/v4?shop_id=2060017&rows=1000&start=0&full_domain=www.tokopedia.com&scheme=https&device=desktop&source=shop_product,
asicsofficial,https://ace.tokopedia.com/search/product/v4?shop_id=11726925&rows=1000&start=0&full_domain=www.tokopedia.com&scheme=https&device=desktop&source=shop_product,11726925
asus-mobile,https://ace.tokopedia.com/search/product/v4?shop_id=3227993&rows=1000&start=0&full_domain=www.tokopedia.com&scheme=https&device=desktop&source=shop_product,
aveeno-id,https://ace.tokopedia.com/search/product/v4?shop_id=9957790&rows=1000&start=0&full_domain=www.tokopedia.com&scheme=https&device=desktop&source=shop_product,9957790
ayambrand,https://ace.tokopedia.com/search/product/v4?shop_id=7731102&rows=1000&start=0&full_domain=www.tokopedia.com&scheme=https&device=desktop&source=shop_product,7731102
ayugold,https://ace.tokopedia.com/search/product/v4?shop_id=8302420&rows=1000&start=0&full_domain=www.tokopedia.com&scheme=https&device=desktop&source=shop_product,
bagusmartid,https://ace.tokopedia.com/search/product/v4?shop_id=2363890&rows=1000&start=0&full_domain=www.tokopedia.com&scheme=https&device=desktop&source=shop_product,
bebelacofficialstore,https://ace.tokopedia.com/search/product/v4?shop_id=12986932&rows=1000&start=0&full_domain=www.tokopedia.com&scheme=https&device=desktop&source=shop_product,12986932
bellamys-organic,https://ace.tokopedia.com/search/product/v4?shop_id=11068432&rows=1000&start=0&full_domain=www.tokopedia.com&scheme=https&device=desktop&source=shop_product,11068432
biobeautylab,https://ace.tokopedia.com/search/product/v4?shop_id=8961792&rows=1000&start=0&full_domain=www.tokopedia.com&scheme=https&device=desktop&source=shop_product,8961792
biodermaofficial,https://ace.tokopedia.com/search/product/v4?shop_id=5633468&rows=1000&start=0&full_domain=www.tokopedia.com&scheme=https&device=desktop&source=shop_product,
blackmores,https://ace.tokopedia.com/search/product/v4?shop_id=7195967&rows=1000&start=0&full_domain=www.tokopedia.com&scheme=https&device=desktop&source=shop_product,7195967
bloodofficial-id,https://ace.tokopedia.com/search/product/v4?shop_id=6275858&rows=1000&start=0&full_domain=www.tokopedia.com&scheme=https&device=desktop&source=shop_product,6275858
bluebandofficial,https://ace.tokopedia.com/search/product/v4?shop_id=9358955&rows=1000&start=0&full_domain=www.tokopedia.com&scheme=https&device=desktop&source=shop_product,9358955
bodypack,https://ace.tokopedia.com/search/product/v4?shop_id=6504579&rows=1000&start=0&full_domain=www.tokopedia.com&scheme=https&device=desktop&source=shop_product,6504579
boschautomotive,https://ace.tokopedia.com/search/product/v4?shop_id=601231&rows=1000&start=0&full_domain=www.tokopedia.com&scheme=https&device=desktop&source=shop_product,601231
boschhomeofficialstore,https://ace.tokopedia.com/search/product/v4?shop_id=12941135&rows=1000&start=0&full_domain=www.tokopedia.com&scheme=https&device=desktop&source=shop_product,12941135
boschpower,https://ace.tokopedia.com/search/product/v4?shop_id=14859749&rows=1000&start=0&full_domain=www.tokopedia.com&scheme=https&device=desktop&source=shop_product,14859749
brompton-official,https://ace.tokopedia.com/search/product/v4?shop_id=13551288&rows=1000&start=0&full_domain=www.tokopedia.com&scheme=https&device=desktop&source=shop_product,13551288
buds-organicsid,https://ace.tokopedia.com/search/product/v4?shop_id=2623538&rows=1000&start=0&full_domain=www.tokopedia.com&scheme=https&device=desktop&source=shop_product,
caplangofficial,https://ace.tokopedia.com/search/product/v4?shop_id=8011198&rows=1000&start=0&full_domain=www.tokopedia.com&scheme=https&device=desktop&source=shop_product,
cbdprofessional,https://ace.tokopedia.com/search/product/v4?shop_id=12688456&rows=1000&start=0&full_domain=www.tokopedia.com&scheme=https&device=desktop&source=shop_product,12688456
century-online,https://ace.tokopedia.com/search/product/v4?shop_id=1430195&rows=1000&start=0&full_domain=www.tokopedia.com&scheme=https&device=desktop&source=shop_product,
cetaphil,https://ace.tokopedia.com/search/product/v4?shop_id=1505737&rows=1000&start=0&full_domain=www.tokopedia.com&scheme=https&device=desktop&source=shop_product,1505737
cherryindonesia,https://ace.tokopedia.com/search/product/v4?shop_id=11056122&rows=1000&start=0&full_domain=www.tokopedia.com&scheme=https&device=desktop&source=shop_product,11056122
clickofficial,https://ace.tokopedia.com/search/product/v4?shop_id=13703832&rows=1000&start=0&full_domain=www.tokopedia.com&scheme=https&device=desktop&source=shop_product,13703832
coldstone,https://ace.tokopedia.com/search/product/v4?shop_id=10290581&rows=1000&start=0&full_domain=www.tokopedia.com&scheme=https&device=desktop&source=shop_product,10290581
cotton-on-official,https://ace.tokopedia.com/search/product/v4?shop_id=10180764&rows=1000&start=0&full_domain=www.tokopedia.com&scheme=https&device=desktop&source=shop_product,10180764
dancowofficial,https://ace.tokopedia.com/search/product/v4?shop_id=6673792&rows=1000&start=0&full_domain=www.tokopedia.com&scheme=https&device=desktop&source=shop_product,6673792
decathlon,https://ace.tokopedia.com/search/product/v4?shop_id=7687545&rows=1000&start=0&full_domain=www.tokopedia.com&scheme=https&device=desktop&source=shop_product,
delfi-official,https://ace.tokopedia.com/search/product/v4?shop_id=8907661&rows=1000&start=0&full_domain=www.tokopedia.com&scheme=https&device=desktop&source=shop_product,
dji-official-store,https://ace.tokopedia.com/search/product/v4?shop_id=10615030&rows=1000&start=0&full_domain=www.tokopedia.com&scheme=https&device=desktop&source=shop_product,10615030
drbebe,https://ace.tokopedia.com/search/product/v4?shop_id=4541593&rows=1000&start=0&full_domain=www.tokopedia.com&scheme=https&device=desktop&source=shop_product,
duakelincistore,https://ace.tokopedia.com/search/product/v4?shop_id=4161653&rows=1000&start=0&full_domain=www.tokopedia.com&scheme=https&device=desktop&source=shop_product,
dunlopillo,https://ace.tokopedia.com/search/product/v4?shop_id=2766811&rows=1000&start=0&full_domain=www.tokopedia.com&scheme=https&device=desktop&source=shop_product,
dysonofficialshop,https://ace.tokopedia.com/search/product/v4?shop_id=12062569&rows=1000&start=0&full_domain=www.tokopedia.com&scheme=https&device=desktop&source=shop_product,12062569
eagleofficial,https://ace.tokopedia.com/search/product/v4?shop_id=3822795&rows=1000&start=0&full_domain=www.tokopedia.com&scheme=https&device=desktop&source=shop_product,3822795
eauthermaleavene,https://ace.tokopedia.com/search/product/v4?shop_id=13279737&rows=1000&start=0&full_domain=www.tokopedia.com&scheme=https&device=desktop&source=shop_product,13279737
edwin-jeans,https://ace.tokopedia.com/search/product/v4?shop_id=2709824&rows=1000&start=0&full_domain=www.tokopedia.com&scheme=https&device=desktop&source=shop_product,2709824
elvebofficial,https://ace.tokopedia.com/search/product/v4?shop_id=2518353&rows=1000&start=0&full_domain=www.tokopedia.com&scheme=https&device=desktop&source=shop_product,2518353
enesisofficial,https://ace.tokopedia.com/search/product/v4?shop_id=3190636&rows=1000&start=0&full_domain=www.tokopedia.com&scheme=https&device=desktop&source=shop_product,
enfa,https://ace.tokopedia.com/search/product/v4?shop_id=2288160&rows=1000&start=0&full_domain=www.tokopedia.com&scheme=https&device=desktop&source=shop_product,
envuindonesia,https://ace.tokopedia.com/search/product/v4?shop_id=3404015&rows=1000&start=0&full_domain=www.tokopedia.com&scheme=https&device=desktop&source=shop_product,3404015
erafone-huawei,https://ace.tokopedia.com/search/product/v4?shop_id=6248891&rows=1000&start=0&full_domain=www.tokopedia.com&scheme=https&device=desktop&source=shop_product,
ergobaby,https://ace.tokopedia.com/search/product/v4?shop_id=10133482&rows=1000&start=0&full_domain=www.tokopedia.com&scheme=https&device=desktop&source=shop_product,
Erha,https://ace.tokopedia.com/search/product/v4?shop_id=5564295&rows=1000&start=0&full_domain=www.tokopedia.com&scheme=https&device=desktop&source=shop_product,
erhaultimateofficial,https://ace.tokopedia.com/search/product/v4?shop_id=8441357&rows=1000&start=0&full_domain=www.tokopedia.com&scheme=https&device=desktop&source=shop_product,8441357
exsportbags,https://ace.tokopedia.com/search/product/v4?shop_id=6506919&rows=1000&start=0&full_domain=www.tokopedia.com&scheme=https&device=desktop&source=shop_product,6506919
fila,https://ace.tokopedia.com/search/product/v4?shop_id=2764937&rows=1000&start=0&full_domain=www.tokopedia.com&scheme=https&device=desktop&source=shop_product,2764937
fisherpriceidn,https://ace.tokopedia.com/search/product/v4?shop_id=4243934&rows=1000&start=0&full_domain=www.tokopedia.com&scheme=https&device=desktop&source=shop_product,
fjallraven,https://ace.tokopedia.com/search/product/v4?shop_id=4689749&rows=1000&start=0&full_domain=www.tokopedia.com&scheme=https&device=desktop&source=shop_product,
flimtyfiberofficial,https://ace.tokopedia.com/search/product/v4?shop_id=11685783&rows=1000&start=0&full_domain=www.tokopedia.com&scheme=https&device=desktop&source=shop_product,11685783
friendsofsally,https://ace.tokopedia.com/search/product/v4?shop_id=9490912&rows=1000&start=0&full_domain=www.tokopedia.com&scheme=https&device=desktop&source=shop_product,
Frisian Flag,https://ace.tokopedia.com/search/product/v4?shop_id=3650675&rows=1000&start=0&full_domain=www.tokopedia.com&scheme=https&device=desktop&source=shop_product,
garmin,https://ace.tokopedia.com/search/product/v4?shop_id=3256689&rows=1000&start=0&full_domain=www.tokopedia.com&scheme=https&device=desktop&source=shop_product,
garniermen,https://ace.tokopedia.com/search/product/v4?shop_id=5762957&rows=1000&start=0&full_domain=www.tokopedia.com&scheme=https&device=desktop&source=shop_product,5762957
geababy,https://ace.tokopedia.com/search/product/v4?shop_id=2714531&rows=1000&start=0&full_domain=www.tokopedia.com&scheme=https&device=desktop&source=shop_product,
giordanoid,https://ace.tokopedia.com/search/product/v4?shop_id=8171364&rows=1000&start=0&full_domain=www.tokopedia.com&scheme=https&device=desktop&source=shop_product,8171364
godrej-id,https://ace.tokopedia.com/search/product/v4?shop_id=4661168&rows=1000&start=0&full_domain=www.tokopedia.com&scheme=https&device=desktop&source=shop_product,
greenfields,https://ace.tokopedia.com/search/product/v4?shop_id=13062354&rows=1000&start=0&full_domain=www.tokopedia.com&scheme=https&device=desktop&source=shop_product,13062354
gshockindo,https://ace.tokopedia.com/search/product/v4?shop_id=7758977&rows=1000&start=0&full_domain=www.tokopedia.com&scheme=https&device=desktop&source=shop_product,7758977
gskofficialstore,https://ace.tokopedia.com/search/product/v4?shop_id=3179676&rows=1000&start=0&full_domain=www.tokopedia.com&scheme=https&device=desktop&source=shop_product,
guardian-officia,https://ace.tokopedia.com/search/product/v4?shop_id=8417714&rows=1000&start=0&full_domain=www.tokopedia.com&scheme=https&device=desktop&source=shop_product,
halodoc-official,https://ace.tokopedia.com/search/product/v4?shop_id=12221648&rows=1000&start=0&full_domain=www.tokopedia.com&scheme=https&device=desktop&source=shop_product,12221648
happyfitid,https://ace.tokopedia.com/search/product/v4?shop_id=2690866&rows=1000&start=0&full_domain=www.tokopedia.com&scheme=https&device=desktop&source=shop_product,2690866
heinzbabyid,https://ace.tokopedia.com/search/product/v4?shop_id=4886246&rows=1000&start=0&full_domain=www.tokopedia.com&scheme=https&device=desktop&source=shop_product,4886246
hisenseoffical,https://ace.tokopedia.com/search/product/v4?shop_id=11733871&rows=1000&start=0&full_domain=www.tokopedia.com&scheme=https&device=desktop&source=shop_product,11733871
homyped,https://ace.tokopedia.com/search/product/v4?shop_id=2678873&rows=1000&start=0&full_domain=www.tokopedia.com&scheme=https&device=desktop&source=shop_product,
hotwheelsidn,https://ace.tokopedia.com/search/product/v4?shop_id=4239845&rows=1000&start=0&full_domain=www.tokopedia.com&scheme=https&device=desktop&source=shop_product,
hush-puppies,https://ace.tokopedia.com/search/product/v4?shop_id=4915516&rows=1000&start=0&full_domain=www.tokopedia.com&scheme=https&device=desktop&source=shop_product,
hushpuppieskids,https://ace.tokopedia.com/search/product/v4?shop_id=9577212&rows=1000&start=0&full_domain=www.tokopedia.com&scheme=https&device=desktop&source=shop_product,9577212
ikeaindonesia,https://ace.tokopedia.com/search/product/v4?shop_id=13958252&rows=1000&start=0&full_domain=www.tokopedia.com&scheme=https&device=desktop&source=shop_product,13958252
Indofood,https://ace.tokopedia.com/search/product/v4?shop_id=12833868&rows=1000&start=0&full_domain=www.tokopedia.com&scheme=https&device=desktop&source=shop_product,
indofoodsnack,https://ace.tokopedia.com/search/product/v4?shop_id=4041575&rows=1000&start=0&full_domain=www.tokopedia.com&scheme=https&device=desktop&source=shop_product,
indomilkofficial,https://ace.tokopedia.com/search/product/v4?shop_id=4368886&rows=1000&start=0&full_domain=www.tokopedia.com&scheme=https&device=desktop&source=shop_product,
insta360official,https://ace.tokopedia.com/search/product/v4?shop_id=8812389&rows=1000&start=0&full_domain=www.tokopedia.com&scheme=https&device=desktop&source=shop_product,8812389
interbatstore,https://ace.tokopedia.com/search/product/v4?shop_id=8171109&rows=1000&start=0&full_domain=www.tokopedia.com&scheme=https&device=desktop&source=shop_product,
japfabestofficial,https://ace.tokopedia.com/search/product/v4?shop_id=3746800&rows=1000&start=0&full_domain=www.tokopedia.com&scheme=https&device=desktop&source=shop_product,3746800
johnsonnjohnson,https://ace.tokopedia.com/search/product/v4?shop_id=2836251&rows=1000&start=0&full_domain=www.tokopedia.com&scheme=https&device=desktop&source=shop_product,2836251
jpckemang,https://ace.tokopedia.com/search/product/v4?shop_id=1007760&rows=1000&start=0&full_domain=www.tokopedia.com&scheme=https&device=desktop&source=shop_product,
k2cmusic-yamaha,https://ace.tokopedia.com/search/product/v4?shop_id=10969211&rows=1000&start=0&full_domain=www.tokopedia.com&scheme=https&device=desktop&source=shop_product,10969211
kalbenutritionals,https://ace.tokopedia.com/search/product/v4?shop_id=13023812&rows=1000&start=0&full_domain=www.tokopedia.com&scheme=https&device=desktop&source=shop_product,13023812
kao,https://ace.tokopedia.com/search/product/v4?shop_id=2589222&rows=1000&start=0&full_domain=www.tokopedia.com&scheme=https&device=desktop&source=shop_product,2589222
kelloggs,https://ace.tokopedia.com/search/product/v4?shop_id=2150006&rows=1000&start=0&full_domain=www.tokopedia.com&scheme=https&device=desktop&source=shop_product,
kerastaseofficial,https://ace.tokopedia.com/search/product/v4?shop_id=13791048&rows=1000&start=0&full_domain=www.tokopedia.com&scheme=https&device=desktop&source=shop_product,13791048
kinoindonesia,https://ace.tokopedia.com/search/product/v4?shop_id=2230885&rows=1000&start=0&full_domain=www.tokopedia.com&scheme=https&device=desktop&source=shop_product,
klikdoktersofficialstore,https://ace.tokopedia.com/search/product/v4?shop_id=2443009&rows=1000&start=0&full_domain=www.tokopedia.com&scheme=https&device=desktop&source=shop_product,2443009
klipsch,https://ace.tokopedia.com/search/product/v4?shop_id=8770441&rows=1000&start=0&full_domain=www.tokopedia.com&scheme=https&device=desktop&source=shop_product,8770441
kopikenanganid,https://ace.tokopedia.com/search/product/v4?shop_id=7294606&rows=1000&start=0&full_domain=www.tokopedia.com&scheme=https&device=desktop&source=shop_product,7294606
lafontepasta,https://ace.tokopedia.com/search/product/v4?shop_id=7886252&rows=1000&start=0&full_domain=www.tokopedia.com&scheme=https&device=desktop&source=shop_product,
leekumkeeofficial,https://ace.tokopedia.com/search/product/v4?shop_id=13521157&rows=1000&start=0&full_domain=www.tokopedia.com&scheme=https&device=desktop&source=shop_product,13521157
lenovo-official,https://ace.tokopedia.com/search/product/v4?shop_id=2411241&rows=1000&start=0&full_domain=www.tokopedia.com&scheme=https&device=desktop&source=shop_product,2411241
levis-official,https://ace.tokopedia.com/search/product/v4?shop_id=5345633&rows=1000&start=0&full_domain=www.tokopedia.com&scheme=https&device=desktop&source=shop_product,
lg-monitor,https://ace.tokopedia.com/search/product/v4?shop_id=11602942&rows=1000&start=0&full_domain=www.tokopedia.com&scheme=https&device=desktop&source=shop_product,11602942
lgprojectorofficialstore,https://ace.tokopedia.com/search/product/v4?shop_id=12227708&rows=1000&start=0&full_domain=www.tokopedia.com&scheme=https&device=desktop&source=shop_product,12227708
loccitaneshop,https://ace.tokopedia.com/search/product/v4?shop_id=5952222&rows=1000&start=0&full_domain=www.tokopedia.com&scheme=https&device=desktop&source=shop_product,
locknlock-id,https://ace.tokopedia.com/search/product/v4?shop_id=2147991&rows=1000&start=0&full_domain=www.tokopedia.com&scheme=https&device=desktop&source=shop_product,
logitech-g,https://ace.tokopedia.com/search/product/v4?shop_id=2670965&rows=1000&start=0&full_domain=www.tokopedia.com&scheme=https&device=desktop&source=shop_product,
lottemartofficial,https://ace.tokopedia.com/search/product/v4?shop_id=14224375&rows=1000&start=0&full_domain=www.tokopedia.com&scheme=https&device=desktop&source=shop_product,14224375
lovebonitoid,https://ace.tokopedia.com/search/product/v4?shop_id=9633142&rows=1000&start=0&full_domain=www.tokopedia.com&scheme=https&device=desktop&source=shop_product,9633142
makarizo,https://ace.tokopedia.com/search/product/v4?shop_id=1975230&rows=1000&start=0&full_domain=www.tokopedia.com&scheme=https&device=desktop&source=shop_product,1975230
makarizo-pro,https://ace.tokopedia.com/search/product/v4?shop_id=2937222&rows=1000&start=0&full_domain=www.tokopedia.com&scheme=https&device=desktop&source=shop_product,2937222
makukuofficialstore,https://ace.tokopedia.com/search/product/v4?shop_id=11896962&rows=1000&start=0&full_domain=www.tokopedia.com&scheme=https&device=desktop&source=shop_product,11896962
Maybelline,https://ace.tokopedia.com/search/product/v4?shop_id=5763048&rows=1000&start=0&full_domain=www.tokopedia.com&scheme=https&device=desktop&source=shop_product,
Mayora,https://ace.tokopedia.com/search/product/v4?shop_id=3150060&rows=1000&start=0&full_domain=www.tokopedia.com&scheme=https&device=desktop&source=shop_product,
mensahealthcare,https://ace.tokopedia.com/search/product/v4?shop_id=6972885&rows=1000&start=0&full_domain=www.tokopedia.com&scheme=https&device=desktop&source=shop_product,6972885
merriesofficial,https://ace.tokopedia.com/search/product/v4?shop_id=6016352&rows=1000&start=0&full_domain=www.tokopedia.com&scheme=https&device=desktop&source=shop_product,6016352
mideaofficial,https://ace.tokopedia.com/search/product/v4?shop_id=9829387&rows=1000&start=0&full_domain=www.tokopedia.com&scheme=https&device=desktop&source=shop_product,9829387
miniso-official,https://ace.tokopedia.com/search/product/v4?shop_id=2661965&rows=1000&start=0&full_domain=www.tokopedia.com&scheme=https&device=desktop&source=shop_product,2661965
mitsubishimotors,https://ace.tokopedia.com/search/product/v4?shop_id=12973451&rows=1000&start=0&full_domain=www.tokopedia.com&scheme=https&device=desktop&source=shop_product,12973451
modena,https://ace.tokopedia.com/search/product/v4?shop_id=2403817&rows=1000&start=0&full_domain=www.tokopedia.com&scheme=https&device=desktop&source=shop_product,2403817
morinagaofficial,https://ace.tokopedia.com/search/product/v4?shop_id=39120225&rows=1000&start=0&full_domain=www.tokopedia.com&scheme=https&device=desktop&source=shop_product,
mother-of-pearl,https://ace.tokopedia.com/search/product/v4?shop_id=14127687&rows=1000&start=0&full_domain=www.tokopedia.com&scheme=https&device=desktop&source=shop_product,14127687
mothercare,https://ace.tokopedia.com/search/product/v4?shop_id=7985062&rows=1000&start=0&full_domain=www.tokopedia.com&scheme=https&device=desktop&source=shop_product,7985062
myfruit,https://ace.tokopedia.com/search/product/v4?shop_id=5136702&rows=1000&start=0&full_domain=www.tokopedia.com&scheme=https&device=desktop&source=shop_product,
nankidofficial,https://ace.tokopedia.com/search/product/v4?shop_id=6693117&rows=1000&start=0&full_domain=www.tokopedia.com&scheme=https&device=desktop&source=shop_product,6693117
nayz-official,https://ace.tokopedia.com/search/product/v4?shop_id=3697025&rows=1000&start=0&full_domain=www.tokopedia.com&scheme=https&device=desktop&source=shop_product,3697025
nespressoid,https://ace.tokopedia.com/search/product/v4?shop_id=8102541&rows=1000&start=0&full_domain=www.tokopedia.com&scheme=https&device=desktop&source=shop_product,
nestle-indonesia,https://ace.tokopedia.com/search/product/v4?shop_id=2923486&rows=1000&start=0&full_domain=www.tokopedia.com&scheme=https&device=desktop&source=shop_product,2923486
nippon-paint,https://ace.tokopedia.com/search/product/v4?shop_id=8832355&rows=1000&start=0&full_domain=www.tokopedia.com&scheme=https&device=desktop&source=shop_product,
Nivea,https://ace.tokopedia.com/search/product/v4?shop_id=5222533&rows=1000&start=0&full_domain=www.tokopedia.com&scheme=https&device=desktop&source=shop_product,
oatlyofficialstore,https://ace.tokopedia.com/search/product/v4?shop_id=14565684&rows=1000&start=0&full_domain=www.tokopedia.com&scheme=https&device=desktop&source=shop_product,14565684
oliveyoung,https://ace.tokopedia.com/search/product/v4?shop_id=13885740&rows=1000&start=0&full_domain=www.tokopedia.com&scheme=https&device=desktop&source=shop_product,13885740
olympus-official,https://ace.tokopedia.com/search/product/v4?shop_id=3109135&rows=1000&start=0&full_domain=www.tokopedia.com&scheme=https&device=desktop&source=shop_product,
omron,https://ace.tokopedia.com/search/product/v4?shop_id=1601955&rows=1000&start=0&full_domain=www.tokopedia.com&scheme=https&device=desktop&source=shop_product,1601955
onassis-official,https://ace.tokopedia.com/search/product/v4?shop_id=1989837&rows=1000&start=0&full_domain=www.tokopedia.com&scheme=https&device=desktop&source=shop_product,1989837
ondaofficialstore,https://ace.tokopedia.com/search/product/v4?shop_id=10568158&rows=1000&start=0&full_domain=www.tokopedia.com&scheme=https&device=desktop&source=shop_product,10568158
onemedrawat,https://ace.tokopedia.com/search/product/v4?shop_id=9301097&rows=1000&start=0&full_domain=www.tokopedia.com&scheme=https&device=desktop&source=shop_product,9301097
oppo,https://ace.tokopedia.com/search/product/v4?shop_id=1562471&rows=1000&start=0&full_domain=www.tokopedia.com&scheme=https&device=desktop&source=shop_product,1562471
oppoaccessories,https://ace.tokopedia.com/search/product/v4?shop_id=14107478&rows=1000&start=0&full_domain=www.tokopedia.com&scheme=https&device=desktop&source=shop_product,14107478
otodiapers,https://ace.tokopedia.com/search/product/v4?shop_id=7604878&rows=1000&start=0&full_domain=www.tokopedia.com&scheme=https&device=desktop&source=shop_product,7604878
pacificpaint,https://ace.tokopedia.com/search/product/v4?shop_id=6705655&rows=1000&start=0&full_domain=www.tokopedia.com&scheme=https&device=desktop&source=shop_product,6705655
papperdine-jeans,https://ace.tokopedia.com/search/product/v4?shop_id=6029771&rows=1000&start=0&full_domain=www.tokopedia.com&scheme=https&device=desktop&source=shop_product,
pedigree,https://ace.tokopedia.com/search/product/v4?shop_id=3597383&rows=1000&start=0&full_domain=www.tokopedia.com&scheme=https&device=desktop&source=shop_product,3597383
petsusa,https://ace.tokopedia.com/search/product/v4?shop_id=12667979&rows=1000&start=0&full_domain=www.tokopedia.com&scheme=https&device=desktop&source=shop_product,12667979
pgofficialstore,https://ace.tokopedia.com/search/product/v4?shop_id=208144&rows=1000&start=0&full_domain=www.tokopedia.com&scheme=https&device=desktop&source=shop_product,208144
philips-estore,https://ace.tokopedia.com/search/product/v4?shop_id=2004256&rows=1000&start=0&full_domain=www.tokopedia.com&scheme=https&device=desktop&source=shop_product,
philipsofficialstore,https://ace.tokopedia.com/search/product/v4?shop_id=11437826&rows=1000&start=0&full_domain=www.tokopedia.com&scheme=https&device=desktop&source=shop_product,11437826
pigeonindonesia,https://ace.tokopedia.com/search/product/v4?shop_id=934035&rows=1000&start=0&full_domain=www.tokopedia.com&scheme=https&device=desktop&source=shop_product,
pillowpeopleid,https://ace.tokopedia.com/search/product/v4?shop_id=2666894&rows=1000&start=0&full_domain=www.tokopedia.com&scheme=https&device=desktop&source=shop_product,
pinkberrybeautys,https://ace.tokopedia.com/search/product/v4?shop_id=8417428&rows=1000&start=0&full_domain=www.tokopedia.com&scheme=https&device=desktop&source=shop_product,8417428
pinkflashofficialstore,https://ace.tokopedia.com/search/product/v4?shop_id=11164045&rows=1000&start=0&full_domain=www.tokopedia.com&scheme=https&device=desktop&source=shop_product,11164045
polo-ralphlauren,https://ace.tokopedia.com/search/product/v4?shop_id=3768792&rows=1000&start=0&full_domain=www.tokopedia.com&scheme=https&device=desktop&source=shop_product,3768792
puma-official,https://ace.tokopedia.com/search/product/v4?shop_id=9110660&rows=1000&start=0&full_domain=www.tokopedia.com&scheme=https&device=desktop&source=shop_product,
puma-official,https://ace.tokopedia.com/search/product/v4?shop_id=9110660&rows=1000&start=0&full_domain=www.tokopedia.com&scheme=https&device=desktop&source=shop_product,9110660
pusatbayiku,https://ace.tokopedia.com/search/product/v4?shop_id=4921889&rows=1000&start=0&full_domain=www.tokopedia.com&scheme=https&device=desktop&source=shop_product,4921889
quaker,https://ace.tokopedia.com/search/product/v4?shop_id=2751669&rows=1000&start=0&full_domain=www.tokopedia.com&scheme=https&device=desktop&source=shop_product,
razer,https://ace.tokopedia.com/search/product/v4?shop_id=2207588&rows=1000&start=0&full_domain=www.tokopedia.com&scheme=https&device=desktop&source=shop_product,2207588
realfood,https://ace.tokopedia.com/search/product/v4?shop_id=2942434&rows=1000&start=0&full_domain=www.tokopedia.com&scheme=https&device=desktop&source=shop_product,
retela-1,https://ace.tokopedia.com/search/product/v4?shop_id=7867306&rows=1000&start=0&full_domain=www.tokopedia.com&scheme=https&device=desktop&source=shop_product,7867306
rodeofficial,https://ace.tokopedia.com/search/product/v4?shop_id=8385523&rows=1000&start=0&full_domain=www.tokopedia.com&scheme=https&device=desktop&source=shop_product,
rose-brand,https://ace.tokopedia.com/search/product/v4?shop_id=2603035&rows=1000&start=0&full_domain=www.tokopedia.com&scheme=https&device=desktop&source=shop_product,2603035
rotieneng,https://ace.tokopedia.com/search/product/v4?shop_id=8312452&rows=1000&start=0&full_domain=www.tokopedia.com&scheme=https&device=desktop&source=shop_product,
royalcaninid,https://ace.tokopedia.com/search/product/v4?shop_id=4760578&rows=1000&start=0&full_domain=www.tokopedia.com&scheme=https&device=desktop&source=shop_product,
russell-hobbs,https://ace.tokopedia.com/search/product/v4?shop_id=2786991&rows=1000&start=0&full_domain=www.tokopedia.com&scheme=https&device=desktop&source=shop_product,
safiofficial,https://ace.tokopedia.com/search/product/v4?shop_id=3446955&rows=1000&start=0&full_domain=www.tokopedia.com&scheme=https&device=desktop&source=shop_product,3446955
samsungelectronicsstores,https://ace.tokopedia.com/search/product/v4?shop_id=11694144&rows=1000&start=0&full_domain=www.tokopedia.com&scheme=https&device=desktop&source=shop_product,11694144
samyangofficial,https://ace.tokopedia.com/search/product/v4?shop_id=8240283&rows=1000&start=0&full_domain=www.tokopedia.com&scheme=https&device=desktop&source=shop_product,
sanofi,https://ace.tokopedia.com/search/product/v4?shop_id=7429083&rows=1000&start=0&full_domain=www.tokopedia.com&scheme=https&device=desktop&source=shop_product,7429083
scjohnson,https://ace.tokopedia.com/search/product/v4?shop_id=2225915&rows=1000&start=0&full_domain=www.tokopedia.com&scheme=https&device=desktop&source=shop_product,
sebamed,https://ace.tokopedia.com/search/product/v4?shop_id=5612272&rows=1000&start=0&full_domain=www.tokopedia.com&scheme=https&device=desktop&source=shop_product,5612272
sebamedbaby,https://ace.tokopedia.com/search/product/v4?shop_id=6728922&rows=1000&start=0&full_domain=www.tokopedia.com&scheme=https&device=desktop&source=shop_product,6728922
senkaid,https://ace.tokopedia.com/search/product/v4?shop_id=3792921&rows=1000&start=0&full_domain=www.tokopedia.com&scheme=https&device=desktop&source=shop_product,3792921
sharpofficial,https://ace.tokopedia.com/search/product/v4?shop_id=3744660&rows=1000&start=0&full_domain=www.tokopedia.com&scheme=https&device=desktop&source=shop_product,3744660
shellindonesia,https://ace.tokopedia.com/search/product/v4?shop_id=8641269&rows=1000&start=0&full_domain=www.tokopedia.com&scheme=https&device=desktop&source=shop_product,8641269
sidomunculnatural,https://ace.tokopedia.com/search/product/v4?shop_id=15052083&rows=1000&start=0&full_domain=www.tokopedia.com&scheme=https&device=desktop&source=shop_product,15052083
skintific,https://ace.tokopedia.com/search/product/v4?shop_id=12307751&rows=1000&start=0&full_domain=www.tokopedia.com&scheme=https&device=desktop&source=shop_product,12307751
softex,https://ace.tokopedia.com/search/product/v4?shop_id=9602353&rows=1000&start=0&full_domain=www.tokopedia.com&scheme=https&device=desktop&source=shop_product,9602353
sony,https://ace.tokopedia.com/search/product/v4?shop_id=2746337&rows=1000&start=0&full_domain=www.tokopedia.com&scheme=https&device=desktop&source=shop_product,
sonyelectronics,https://ace.tokopedia.com/search/product/v4?shop_id=11793955&rows=1000&start=0&full_domain=www.tokopedia.com&scheme=https&device=desktop&source=shop_product,11793955
starbucksofficial,https://ace.tokopedia.com/search/product/v4?shop_id=13287719&rows=1000&start=0&full_domain=www.tokopedia.com&scheme=https&device=desktop&source=shop_product,13287719
starmusic-1,https://ace.tokopedia.com/search/product/v4?shop_id=5912454&rows=1000&start=0&full_domain=www.tokopedia.com&scheme=https&device=desktop&source=shop_product,5912454
supercorn,https://ace.tokopedia.com/search/product/v4?shop_id=13831927&rows=1000&start=0&full_domain=www.tokopedia.com&scheme=https&device=desktop&source=shop_product,13831927
tefal,https://ace.tokopedia.com/search/product/v4?shop_id=5487162&rows=1000&start=0&full_domain=www.tokopedia.com&scheme=https&device=desktop&source=shop_product,5487162
thenorthface,https://ace.tokopedia.com/search/product/v4?shop_id=12224845&rows=1000&start=0&full_domain=www.tokopedia.com&scheme=https&device=desktop&source=shop_product,12224845
thermos,https://ace.tokopedia.com/search/product/v4?shop_id=3415692&rows=1000&start=0&full_domain=www.tokopedia.com&scheme=https&device=desktop&source=shop_product,
thisisapril,https://ace.tokopedia.com/search/product/v4?shop_id=3788023&rows=1000&start=0&full_domain=www.tokopedia.com&scheme=https&device=desktop&source=shop_product,3788023
thomasandfriends,https://ace.tokopedia.com/search/product/v4?shop_id=4242903&rows=1000&start=0&full_domain=www.tokopedia.com&scheme=https&device=desktop&source=shop_product,4242903
timberland,https://ace.tokopedia.com/search/product/v4?shop_id=7931357&rows=1000&start=0&full_domain=www.tokopedia.com&scheme=https&device=desktop&source=shop_product,7931357
toyzcorner,https://ace.tokopedia.com/search/product/v4?shop_id=59&rows=1000&start=0&full_domain=www.tokopedia.com&scheme=https&device=desktop&source=shop_product,
twiningsid,https://ace.tokopedia.com/search/product/v4?shop_id=10171958&rows=1000&start=0&full_domain=www.tokopedia.com&scheme=https&device=desktop&source=shop_product,10171958
Ultra Milk,https://ace.tokopedia.com/search/product/v4?shop_id=3726499&rows=1000&start=0&full_domain=www.tokopedia.com&scheme=https&device=desktop&source=shop_product,
ultrasakti,https://ace.tokopedia.com/search/product/v4?shop_id=4414213&rows=1000&start=0&full_domain=www.tokopedia.com&scheme=https&device=desktop&source=shop_product,4414213
underarmourid,https://ace.tokopedia.com/search/product/v4?shop_id=8440224&rows=1000&start=0&full_domain=www.tokopedia.com&scheme=https&device=desktop&source=shop_product,8440224
unicharm,https://ace.tokopedia.com/search/product/v4?shop_id=3326823&rows=1000&start=0&full_domain=www.tokopedia.com&scheme=https&device=desktop&source=shop_product,
Unilever,https://ace.tokopedia.com/search/product/v4?shop_id=1854168&rows=1000&start=0&full_domain=www.tokopedia.com&scheme=https&device=desktop&source=shop_product,
unilever-food,https://ace.tokopedia.com/search/product/v4?shop_id=2544273&rows=1000&start=0&full_domain=www.tokopedia.com&scheme=https&device=desktop&source=shop_product,
unilevermall,https://ace.tokopedia.com/search/product/v4?shop_id=11871050&rows=1000&start=0&full_domain=www.tokopedia.com&scheme=https&device=desktop&source=shop_product,11871050
unileverprofessi,https://ace.tokopedia.com/search/product/v4?shop_id=7175843&rows=1000&start=0&full_domain=www.tokopedia.com&scheme=https&device=desktop&source=shop_product,7175843
urbanrepublic,https://ace.tokopedia.com/search/product/v4?shop_id=10239869&rows=1000&start=0&full_domain=www.tokopedia.com&scheme=https&device=desktop&source=shop_product,10239869
vivaapotekpulogebang,https://ace.tokopedia.com/search/product/v4?shop_id=10448321&rows=1000&start=0&full_domain=www.tokopedia.com&scheme=https&device=desktop&source=shop_product,10448321
vivacosmetic,https://ace.tokopedia.com/search/product/v4?shop_id=8489263&rows=1000&start=0&full_domain=www.tokopedia.com&scheme=https&device=desktop&source=shop_product,8489263
vondutch,https://ace.tokopedia.com/search/product/v4?shop_id=6809827&rows=1000&start=0&full_domain=www.tokopedia.com&scheme=https&device=desktop&source=shop_product,
wacoalindonesia,https://ace.tokopedia.com/search/product/v4?shop_id=1959154&rows=1000&start=0&full_domain=www.tokopedia.com&scheme=https&device=desktop&source=shop_product,
watsons,https://ace.tokopedia.com/search/product/v4?shop_id=5039983&rows=1000&start=0&full_domain=www.tokopedia.com&scheme=https&device=desktop&source=shop_product,5039983
whiskas,https://ace.tokopedia.com/search/product/v4?shop_id=3597429&rows=1000&start=0&full_domain=www.tokopedia.com&scheme=https&device=desktop&source=shop_product,3597429
whitelab,https://ace.tokopedia.com/search/product/v4?shop_id=8218465&rows=1000&start=0&full_domain=www.tokopedia.com&scheme=https&device=desktop&source=shop_product,
willow-pillow,https://ace.tokopedia.com/search/product/v4?shop_id=3299368&rows=1000&start=0&full_domain=www.tokopedia.com&scheme=https&device=desktop&source=shop_product,
wingsofficial,https://ace.tokopedia.com/search/product/v4?shop_id=7179543&rows=1000&start=0&full_domain=www.tokopedia.com&scheme=https&device=desktop&source=shop_product,7179543
yamaha-genuine,https://ace.tokopedia.com/search/product/v4?shop_id=11331414&rows=1000&start=0&full_domain=www.tokopedia.com&scheme=https&device=desktop&source=shop_product,11331414
zoomsoundlabofficial,https://ace.tokopedia.com/search/product/v4?shop_id=13076163&rows=1000&start=0&full_domain=www.tokopedia.com&scheme=https&device=desktop&source=shop_product,13076163
zteofficial,https://ace.tokopedia.com/search/product/v4?shop_id=14260682&rows=1000&start=0&full_domain=www.tokopedia.com&scheme=https&device=desktop&source=shop_product,14260682
yeosofficialshop,https://ace.tokopedia.com/search/product/v4?shop_id=10117024&rows=1000&start=0&full_domain=www.tokopedia.com&scheme=https&device=desktop&source=shop_product,10117024
bioaquaofficialshop,https://ace.tokopedia.com/search/product/v4?shop_id=11329902&rows=1000&start=0&full_domain=www.tokopedia.com&scheme=https&device=desktop&source=shop_product,11329902
cosori,https://ace.tokopedia.com/search/product/v4?shop_id=11386612&rows=1000&start=0&full_domain=www.tokopedia.com&scheme=https&device=desktop&source=shop_product,11386612
eigeradventure,https://ace.tokopedia.com/search/product/v4?shop_id=9053181&rows=1000&start=0&full_domain=www.tokopedia.com&scheme=https&device=desktop&source=shop_product,9053181
gskhealthcare,https://ace.tokopedia.com/search/product/v4?shop_id=11128525&rows=1000&start=0&full_domain=www.tokopedia.com&scheme=https&device=desktop&source=shop_product,11128525
huawei,https://ace.tokopedia.com/search/product/v4?shop_id=12787111&rows=1000&start=0&full_domain=www.tokopedia.com&scheme=https&device=desktop&source=shop_product,12787111
jiniso,https://ace.tokopedia.com/search/product/v4?shop_id=5563583&rows=1000&start=0&full_domain=www.tokopedia.com&scheme=https&device=desktop&source=shop_product,5563583
liningindo,https://ace.tokopedia.com/search/product/v4?shop_id=12343339&rows=1000&start=0&full_domain=www.tokopedia.com&scheme=https&device=desktop&source=shop_product,12343339
lorealprofessionnel,https://ace.tokopedia.com/search/product/v4?shop_id=11104475&rows=1000&start=0&full_domain=www.tokopedia.com&scheme=https&device=desktop&source=shop_product,11104475
motulindonesiaofficial,https://ace.tokopedia.com/search/product/v4?shop_id=11820404&rows=1000&start=0&full_domain=www.tokopedia.com&scheme=https&device=desktop&source=shop_product,11820404
coocaa-id,https://ace.tokopedia.com/search/product/v4?shop_id=2961354&rows=1000&start=0&full_domain=www.tokopedia.com&scheme=https&device=desktop&source=shop_product,2961354
lenovo-official,https://ace.tokopedia.com/search/product/v4?shop_id=2411241&rows=1000&start=0&full_domain=www.tokopedia.com&scheme=https&device=desktop&source=shop_product,2411241
samsung,https://ace.tokopedia.com/search/product/v4?shop_id=11462505&rows=1000&start=0&full_domain=www.tokopedia.com&scheme=https&device=desktop&source=shop_product,11462505
acerid,https://ace.tokopedia.com/search/product/v4?shop_id=2153004&rows=1000&start=0&full_domain=www.tokopedia.com&scheme=https&device=desktop&source=shop_product,2153004
asus,https://ace.tokopedia.com/search/product/v4?shop_id=2972075&rows=1000&start=0&full_domain=www.tokopedia.com&scheme=https&device=desktop&source=shop_product,2972075
miyako,https://ace.tokopedia.com/search/product/v4?shop_id=6364291&rows=1000&start=0&full_domain=www.tokopedia.com&scheme=https&device=desktop&source=shop_product,6364291
yongmaofficial,https://ace.tokopedia.com/search/product/v4?shop_id=4456739&rows=1000&start=0&full_domain=www.tokopedia.com&scheme=https&device=desktop&source=shop_product,4456739
polytron-id,https://ace.tokopedia.com/search/product/v4?shop_id=3403597&rows=1000&start=0&full_domain=www.tokopedia.com&scheme=https&device=desktop&source=shop_product,3403597
mitoelectronic,https://ace.tokopedia.com/search/product/v4?shop_id=1931973&rows=1000&start=0&full_domain=www.tokopedia.com&scheme=https&device=desktop&source=shop_product,1931973
advan-official,https://ace.tokopedia.com/search/product/v4?shop_id=3072108&rows=1000&start=0&full_domain=www.tokopedia.com&scheme=https&device=desktop&source=shop_product,3072108
tclofficialstore,https://ace.tokopedia.com/search/product/v4?shop_id=8910267&rows=1000&start=0&full_domain=www.tokopedia.com&scheme=https&device=desktop&source=shop_product,8910267
xiaomi,https://ace.tokopedia.com/search/product/v4?shop_id=13518880&rows=1000&start=0&full_domain=www.tokopedia.com&scheme=https&device=desktop&source=shop_product,13518880
sankenofficial,https://ace.tokopedia.com/search/product/v4?shop_id=3604435&rows=1000&start=0&full_domain=www.tokopedia.com&scheme=https&device=desktop&source=shop_product,3604435
oxone-official,https://ace.tokopedia.com/search/product/v4?shop_id=5395952&rows=1000&start=0&full_domain=www.tokopedia.com&scheme=https&device=desktop&source=shop_product,5395952
kirin,https://ace.tokopedia.com/search/product/v4?shop_id=2689884&rows=1000&start=0&full_domain=www.tokopedia.com&scheme=https&device=desktop&source=shop_product,2689884
locknlock-id,https://ace.tokopedia.com/search/product/v4?shop_id=2147991&rows=1000&start=0&full_domain=www.tokopedia.com&scheme=https&device=desktop&source=shop_product,2147991
bolde-official,https://ace.tokopedia.com/search/product/v4?shop_id=3390257&rows=1000&start=0&full_domain=www.tokopedia.com&scheme=https&device=desktop&source=shop_product,3390257
debellin,https://ace.tokopedia.com/search/product/v4?shop_id=2207835&rows=1000&start=0&full_domain=www.tokopedia.com&scheme=https&device=desktop&source=shop_product,2207835
maxim,https://ace.tokopedia.com/search/product/v4?shop_id=1906491&rows=1000&start=0&full_domain=www.tokopedia.com&scheme=https&device=desktop&source=shop_product,1906491
moegenindonesia,https://ace.tokopedia.com/search/product/v4?shop_id=5460948&rows=1000&start=0&full_domain=www.tokopedia.com&scheme=https&device=desktop&source=shop_product,5460948
freemirofficial,https://ace.tokopedia.com/search/product/v4?shop_id=6351101&rows=1000&start=0&full_domain=www.tokopedia.com&scheme=https&device=desktop&source=shop_product,6351101
steincookware,https://ace.tokopedia.com/search/product/v4?shop_id=8288221&rows=1000&start=0&full_domain=www.tokopedia.com&scheme=https&device=desktop&source=shop_product,8288221
vicenza-official,https://ace.tokopedia.com/search/product/v4?shop_id=2747590&rows=1000&start=0&full_domain=www.tokopedia.com&scheme=https&device=desktop&source=shop_product,2747590
hafele,https://ace.tokopedia.com/search/product/v4?shop_id=7107495&rows=1000&start=0&full_domain=www.tokopedia.com&scheme=https&device=desktop&source=shop_product,7107495
groheindonesia,https://ace.tokopedia.com/search/product/v4?shop_id=11258949&rows=1000&start=0&full_domain=www.tokopedia.com&scheme=https&device=desktop&source=shop_product,11258949
totoindonesia,https://ace.tokopedia.com/search/product/v4?shop_id=11851475&rows=1000&start=0&full_domain=www.tokopedia.com&scheme=https&device=desktop&source=shop_product,11851475
gaabor,https://ace.tokopedia.com/search/product/v4?shop_id=12745001&rows=1000&start=0&full_domain=www.tokopedia.com&scheme=https&device=desktop&source=shop_product,12745001
philips-light,https://ace.tokopedia.com/search/product/v4?shop_id=2422784&rows=1000&start=0&full_domain=www.tokopedia.com&scheme=https&device=desktop&source=shop_product,2422784
gm-bear,https://ace.tokopedia.com/search/product/v4?shop_id=6084052&rows=1000&start=0&full_domain=www.tokopedia.com&scheme=https&device=desktop&source=shop_product,6084052
electrolux-id,https://ace.tokopedia.com/search/product/v4?shop_id=6875528&rows=1000&start=0&full_domain=www.tokopedia.com&scheme=https&device=desktop&source=shop_product,6875528
kitchenaid,https://ace.tokopedia.com/search/product/v4?shop_id=1963382&rows=1000&start=0&full_domain=www.tokopedia.com&scheme=https&device=desktop&source=shop_product,1963382
lgofficialstore,https://ace.tokopedia.com/search/product/v4?shop_id=15280156&rows=1000&start=0&full_domain=www.tokopedia.com&scheme=https&device=desktop&source=shop_product,15280156
delonghi-official-store,https://ace.tokopedia.com/search/product/v4?shop_id=16061255&rows=1000&start=0&full_domain=www.tokopedia.com&scheme=https&device=desktop&source=shop_product,16061255
greeofficial,https://ace.tokopedia.com/search/product/v4?shop_id=3044463&rows=1000&start=0&full_domain=www.tokopedia.com&scheme=https&device=desktop&source=shop_product,3044463
sportsstation,https://ace.tokopedia.com/search/product/v4?shop_id=11250628&rows=1000&start=0&full_domain=www.tokopedia.com&scheme=https&device=desktop&source=shop_product,11250628
terrypalmer,https://ace.tokopedia.com/search/product/v4?shop_id=7339778&rows=1000&start=0&full_domain=www.tokopedia.com&scheme=https&device=desktop&source=shop_product,7339778
mothercare-elc,https://ace.tokopedia.com/search/product/v4?shop_id=7985062&rows=1000&start=0&full_domain=www.tokopedia.com&scheme=https&device=desktop&source=shop_product,7985062
justiceos,https://ace.tokopedia.com/search/product/v4?shop_id=8174614&rows=1000&start=0&full_domain=www.tokopedia.com&scheme=https&device=desktop&source=shop_product,8174614
shopatvelvet,https://ace.tokopedia.com/search/product/v4?shop_id=3332067&rows=1000&start=0&full_domain=www.tokopedia.com&scheme=https&device=desktop&source=shop_product,3332067
thisisapril,https://ace.tokopedia.com/search/product/v4?shop_id=3788023&rows=1000&start=0&full_domain=www.tokopedia.com&scheme=https&device=desktop&source=shop_product,3788023
buttonscarves,https://ace.tokopedia.com/search/product/v4?shop_id=3269618&rows=1000&start=0&full_domain=www.tokopedia.com&scheme=https&device=desktop&source=shop_product,3269618
ventelastore,https://ace.tokopedia.com/search/product/v4?shop_id=3566347&rows=1000&start=0&full_domain=www.tokopedia.com&scheme=https&device=desktop&source=shop_product,3566347
sepatucompass,https://ace.tokopedia.com/search/product/v4?shop_id=5433599&rows=1000&start=0&full_domain=www.tokopedia.com&scheme=https&device=desktop&source=shop_product,5433599
watchzone,https://ace.tokopedia.com/search/product/v4?shop_id=3732402&rows=1000&start=0&full_domain=www.tokopedia.com&scheme=https&device=desktop&source=shop_product,3732402
esqacosmetics,https://ace.tokopedia.com/search/product/v4?shop_id=4761908&rows=1000&start=0&full_domain=www.tokopedia.com&scheme=https&device=desktop&source=shop_product,4761908
somethinc,https://ace.tokopedia.com/search/product/v4?shop_id=5852874&rows=1000&start=0&full_domain=www.tokopedia.com&scheme=https&device=desktop&source=shop_product,5852874
wardah-official,https://ace.tokopedia.com/search/product/v4?shop_id=3404093&rows=1000&start=0&full_domain=www.tokopedia.com&scheme=https&device=desktop&source=shop_product,3404093
avoskinofficial,https://ace.tokopedia.com/search/product/v4?shop_id=3655849&rows=1000&start=0&full_domain=www.tokopedia.com&scheme=https&device=desktop&source=shop_product,3655849
whitelab,https://ace.tokopedia.com/search/product/v4?shop_id=8218465&rows=1000&start=0&full_domain=www.tokopedia.com&scheme=https&device=desktop&source=shop_product,8218465
scarlettwhite,https://ace.tokopedia.com/search/product/v4?shop_id=2625052&rows=1000&start=0&full_domain=www.tokopedia.com&scheme=https&device=desktop&source=shop_product,2625052
marthatilaarshop,https://ace.tokopedia.com/search/product/v4?shop_id=2570559&rows=1000&start=0&full_domain=www.tokopedia.com&scheme=https&device=desktop&source=shop_product,2570559
elshe-skin,https://ace.tokopedia.com/search/product/v4?shop_id=1368702&rows=1000&start=0&full_domain=www.tokopedia.com&scheme=https&device=desktop&source=shop_product,1368702
luxcrime,https://ace.tokopedia.com/search/product/v4?shop_id=751247&rows=1000&start=0&full_domain=www.tokopedia.com&scheme=https&device=desktop&source=shop_product,751247
rolloverreaction,https://ace.tokopedia.com/search/product/v4?shop_id=8319453&rows=1000&start=0&full_domain=www.tokopedia.com&scheme=https&device=desktop&source=shop_product,8319453
blpbeauty,https://ace.tokopedia.com/search/product/v4?shop_id=2900897&rows=1000&start=0&full_domain=www.tokopedia.com&scheme=https&device=desktop&source=shop_product,2900897