os_name,os_code,link
Clinique,clinique,https://www.lazada.co.id/clinique/?ajax=true&from=wangpu&isFirstRequest=true&langFlag=id&page=1&pageTypeId=2&q=All-Products
Rollover Reaction,rollover-reaction,https://www.lazada.co.id/rollover-reaction/?ajax=true&from=wangpu&isFirstRequest=true&langFlag=id&page=1&pageTypeId=2&q=All-Products
Esqa Cosmetics,esqa-cosmetics,https://www.lazada.co.id/esqa-cosmetics/?ajax=true&from=wangpu&isFirstRequest=true&langFlag=id&page=1&pageTypeId=2&q=All-Products
SOMETHINC OFFICIAL,somethinc-official,https://www.lazada.co.id/somethinc-official/?ajax=true&from=wangpu&isFirstRequest=true&langFlag=id&page=1&pageTypeId=2&q=All-Products
Avoskin,avoskin,https://www.lazada.co.id/avoskin/?ajax=true&from=wangpu&isFirstRequest=true&langFlag=id&page=1&pageTypeId=2&q=All-Products
Whitelab Official Shop,whitelab-official-shop,https://www.lazada.co.id/whitelab-official-shop/?ajax=true&from=wangpu&isFirstRequest=true&langFlag=id&page=1&pageTypeId=2&q=All-Products
Martha Tilaar,martha-tilaar,https://www.lazada.co.id/martha-tilaar/?ajax=true&from=wangpu&isFirstRequest=true&langFlag=id&page=1&pageTypeId=2&q=All-Products
Luxcrime ID,luxcrime-id,https://www.lazada.co.id/luxcrime-id/?ajax=true&from=wangpu&isFirstRequest=true&langFlag=id&page=1&pageTypeId=2&q=All-Products
BLP By Lizzie Parra,blp-by-lizzie-parra,https://www.lazada.co.id/blp-by-lizzie-parra/?ajax=true&from=wangpu&isFirstRequest=true&langFlag=id&page=1&pageTypeId=2&q=All-Products
adidas,adidas-indonesia,https://www.lazada.co.id/adidas/?ajax=true&from=wangpu&isFirstRequest=true&langFlag=id&page=1&pageTypeId=2&q=All-Products
Sepatu Compass Indonesia,sepatu-compass-indonesia,https://www.lazada.co.id/sepatu-compass-indonesia/?ajax=true&from=wangpu&isFirstRequest=true&langFlag=id&page=1&pageTypeId=2&q=All-Products
GM Bear,gm-bear,https://www.lazada.co.id/gm-bear/?ajax=true&from=wangpu&isFirstRequest=true&langFlag=id&page=1&pageTypeId=2&q=All-Products
KitchenAid,kitchenaid,https://www.lazada.co.id/kitchenaid/?ajax=true&from=wangpu&isFirstRequest=true&langFlag=id&page=1&pageTypeId=2&q=All-Products
LG,lg,https://www.lazada.co.id/lg/?ajax=true&from=wangpu&isFirstRequest=true&langFlag=id&page=1&pageTypeId=2&q=All-Products
Gree,gree,https://www.lazada.co.id/gree/?ajax=true&from=wangpu&isFirstRequest=true&langFlag=id&page=1&pageTypeId=2&q=All-Products
Midea,midea,https://www.lazada.co.id/midea/?ajax=true&from=wangpu&isFirstRequest=true&langFlag=id&page=1&pageTypeId=2&q=All-Products
Grohe,grohe,https://www.lazada.co.id/grohe/?ajax=true&from=wangpu&isFirstRequest=true&langFlag=id&page=1&pageTypeId=2&q=All-Products
Gaabor,gaabor,https://www.lazada.co.id/gaabor/?ajax=true&from=wangpu&isFirstRequest=true&langFlag=id&page=1&pageTypeId=2&q=All-Products
Oxone,oxone,https://www.lazada.co.id/oxone/?ajax=true&from=wangpu&isFirstRequest=true&langFlag=id&page=1&pageTypeId=2&q=All-Products
Kirin Indonesia,kirin-indonesia,https://www.lazada.co.id/kirin-indonesia/?ajax=true&from=wangpu&isFirstRequest=true&langFlag=id&page=1&pageTypeId=2&q=All-Products
LocknLock Indonesia,locknlock-indonesia,https://www.lazada.co.id/locknlock-indonesia/?ajax=true&from=wangpu&isFirstRequest=true&langFlag=id&page=1&pageTypeId=2&q=All-Products
Bolde Store,bolde-store,https://www.lazada.co.id/bolde-store/?ajax=true&from=wangpu&isFirstRequest=true&langFlag=id&page=1&pageTypeId=2&q=All-Products
Debellin Premium Cookware,debellin-premium-cookware,https://www.lazada.co.id/debellin-premium-cookware/?ajax=true&from=wangpu&isFirstRequest=true&langFlag=id&page=1&pageTypeId=2&q=All-Products
Maxim,maxim,https://www.lazada.co.id/maxim/?ajax=true&from=wangpu&isFirstRequest=true&langFlag=id&page=1&pageTypeId=2&q=All-Products
freemir,freemir,https://www.lazada.co.id/freemir/?ajax=true&from=wangpu&isFirstRequest=true&langFlag=id&page=1&pageTypeId=2&q=All-Products
Stein Cookware,stein-cookware,https://www.lazada.co.id/stein-cookware/?ajax=true&from=wangpu&isFirstRequest=true&langFlag=id&page=1&pageTypeId=2&q=All-Products
Vicenza,vicenza,https://www.lazada.co.id/vicenza/?ajax=true&from=wangpu&isFirstRequest=true&langFlag=id&page=1&pageTypeId=2&q=All-Products
Hafele Store,hafele-store,https://www.lazada.co.id/hafele-store/?ajax=true&from=wangpu&isFirstRequest=true&langFlag=id&page=1&pageTypeId=2&q=All-Products
Lenovo,lenovo,https://www.lazada.co.id/lenovo/?ajax=true&from=wangpu&isFirstRequest=true&langFlag=id&page=1&pageTypeId=2&q=All-Products
Coocaa,coocaa,https://www.lazada.co.id/coocaa/?ajax=true&from=wangpu&isFirstRequest=true&langFlag=id&page=1&pageTypeId=2&q=All-Products
Samsung,samsung,https://www.lazada.co.id/samsung/?ajax=true&from=wangpu&isFirstRequest=true&langFlag=id&page=1&pageTypeId=2&q=All-Products
Acer,acer,https://www.lazada.co.id/acer/?ajax=true&from=wangpu&isFirstRequest=true&langFlag=id&page=1&pageTypeId=2&q=All-Products
Asus,asus,https://www.lazada.co.id/asus/?ajax=true&from=wangpu&isFirstRequest=true&langFlag=id&page=1&pageTypeId=2&q=All-Products
Miyako,miyako,https://www.lazada.co.id/miyako/?ajax=true&from=wangpu&isFirstRequest=true&langFlag=id&page=1&pageTypeId=2&q=All-Products
Polytron,polytron,https://www.lazada.co.id/polytron/?ajax=true&from=wangpu&isFirstRequest=true&langFlag=id&page=1&pageTypeId=2&q=All-Products
MITO,mito,https://www.lazada.co.id/mito/?ajax=true&from=wangpu&isFirstRequest=true&langFlag=id&page=1&pageTypeId=2&q=All-Products
Advan,advan,https://www.lazada.co.id/advan/?ajax=true&from=wangpu&isFirstRequest=true&langFlag=id&page=1&pageTypeId=2&q=All-Products
TCL,tcl,https://www.lazada.co.id/tcl/?ajax=true&from=wangpu&isFirstRequest=true&langFlag=id&page=1&pageTypeId=2&q=All-Products
Xiaomi,xiaomi,https://www.lazada.co.id/xiaomi/?ajax=true&from=wangpu&isFirstRequest=true&langFlag=id&page=1&pageTypeId=2&q=All-Products