Category URL,Category Name
https://www.tokopedia.com/p/kesehatan/vitamin-multivitamin,vitamin multivitamin
https://www.tokopedia.com/p/perawatan-hewan/perawatan-ikan/obat-vitamin-ikan,obat vitamin ikan
https://www.tokopedia.com/p/perawatan-hewan/perawatan-hamster/obat-vitamin-hamster,obat vitamin hamster
https://www.tokopedia.com/p/perawatan-hewan/perawatan-burung/obat-vitamin-burung,obat vitamin burung
https://www.tokopedia.com/p/perawatan-hewan/perawatan-ayam/obat-vitamin-ayam,obat vitamin ayam
https://www.tokopedia.com/p/perawatan-hewan/perawatan-reptil/obat-vitamin-reptil,obat vitamin reptil
https://www.tokopedia.com/p/perawatan-hewan/perawatan-kucing/obat-vitamin-kucing,obat vitamin kucing
https://www.tokopedia.com/p/perawatan-hewan/perawatan-anjing/obat-vitamin-anjing,obat vitamin anjing
https://www.tokopedia.com/p/perawatan-hewan/perawatan-kelinci/obat-vitamin-kelinci,obat vitamin kelinci
https://www.tokopedia.com/p/perawatan-tubuh/perawatan-rambut/vitamin-serum-rambut,vitamin serum rambut