Category Code,Code Unik,Category,Pop Up,Link
beli-handphone,/?ajax=true&isFirstRequest=true&page=,Handphone,0,https://www.lazada.co.id/beli-handphone/?ajax=true&isFirstRequest=true&page=
jual-laptop-umum,/?ajax=true&isFirstRequest=true&page=,Laptop,0,https://www.lazada.co.id/jual-laptop-umum/?ajax=true&isFirstRequest=true&page=
beli-pc-gaming,/?ajax=true&isFirstRequest=true&page=,Komputer Gaming,0,https://www.lazada.co.id/beli-pc-gaming/?ajax=true&isFirstRequest=true&page=
beli-komputer-rakitan,/?ajax=true&isFirstRequest=true&page=,Komputer Rakitan,0,https://www.lazada.co.id/beli-komputer-rakitan/?ajax=true&isFirstRequest=true&page=
beli-komputer,/?ajax=true&isFirstRequest=true&page=,Komputer,0,https://www.lazada.co.id/beli-komputer/?ajax=true&isFirstRequest=true&page=
beli-pc-all-in-one,/?ajax=true&isFirstRequest=true&page=,PC All in One,0,https://www.lazada.co.id/beli-pc-all-in-one/?ajax=true&isFirstRequest=true&page=
beli-slr,/?ajax=true&isFirstRequest=true&page=,DSLR,0,https://www.lazada.co.id/beli-slr/?ajax=true&isFirstRequest=true&page=
beli-kamera-mirrorless,/?ajax=true&isFirstRequest=true&page=,Kamera Mirrorless,0,https://www.lazada.co.id/beli-kamera-mirrorless/?ajax=true&isFirstRequest=true&page=
beli-kamera-pocket,/?ajax=true&isFirstRequest=true&page=,Kamera Pocket,0,https://www.lazada.co.id/beli-kamera-pocket/?ajax=true&isFirstRequest=true&page=
beli-kamera-video-aksi,/?ajax=true&isFirstRequest=true&page=,Kamera Olahraga dan Aksi,0,https://www.lazada.co.id/beli-kamera-video-aksi/?ajax=true&isFirstRequest=true&page=
beli-kamera-360,/?ajax=true&isFirstRequest=true&page=,Kamera 360,0,https://www.lazada.co.id/beli-kamera-360/?ajax=true&isFirstRequest=true&page=
beli-kamera-cctv,/?ajax=true&isFirstRequest=true&page=,Kamera CCTV,0,https://www.lazada.co.id/beli-kamera-cctv/?ajax=true&isFirstRequest=true&page=
beli-kamera-ip,/?ajax=true&isFirstRequest=true&page=,Kamera Keamanan IP,0,https://www.lazada.co.id/beli-kamera-ip/?ajax=true&isFirstRequest=true&page=
beli-camcorders,/?ajax=true&isFirstRequest=true&page=,Kamera Video,0,https://www.lazada.co.id/beli-camcorders/?ajax=true&isFirstRequest=true&page=
beli-kamera-instan,/?ajax=true&isFirstRequest=true&page=,Kamera Instan,0,https://www.lazada.co.id/beli-kamera-instan/?ajax=true&isFirstRequest=true&page=
shop-game-konsol,/?ajax=true&isFirstRequest=true&page=,Gaming Konsol,0,https://www.lazada.co.id/shop-game-konsol/?ajax=true&isFirstRequest=true&page=
shop-permainan-konsol/,/?ajax=true&isFirstRequest=true&page=,Permainan Konsol,0,https://www.lazada.co.id/shop-permainan-konsol//?ajax=true&isFirstRequest=true&page=
shop-pengontrol-game-konsol,/?ajax=true&isFirstRequest=true&page=,Pengontrol Game Konsol,0,https://www.lazada.co.id/shop-pengontrol-game-konsol/?ajax=true&isFirstRequest=true&page=
shop-konsolpelindung-penutup,/?ajax=true&isFirstRequest=true&page=,Konsol Pelindung Penutup,0,https://www.lazada.co.id/shop-konsolpelindung-penutup/?ajax=true&isFirstRequest=true&page=
shop-aksesoris-game-konsol,/?ajax=true&isFirstRequest=true&page=,Aksesoris Game Konsol,0,https://www.lazada.co.id/shop-aksesoris-game-konsol/?ajax=true&isFirstRequest=true&page=
beli-rokok-elektrik,/?ajax=true&isFirstRequest=true&page=,Rokok Elektrik,1,https://www.lazada.co.id/beli-rokok-elektrik/?ajax=true&isFirstRequest=true&page=
jual-kamera-drone,/?ajax=true&isFirstRequest=true&page=,Drone,0,https://www.lazada.co.id/jual-kamera-drone/?ajax=true&isFirstRequest=true&page=
jual-walkie-talkie,/?ajax=true&isFirstRequest=true&page=,Walkie Talkie,0,https://www.lazada.co.id/jual-walkie-talkie/?ajax=true&isFirstRequest=true&page=
beli-tablet-2,/?ajax=true&isFirstRequest=true&page=,Tablet,0,https://www.lazada.co.id/beli-tablet-2/?ajax=true&isFirstRequest=true&page=
beli-power-bank,/?ajax=true&isFirstRequest=true&page=,Powerbank,0,https://www.lazada.co.id/beli-power-bank/?ajax=true&isFirstRequest=true&page=
beli-aksesori-handphone,/?ajax=true&isFirstRequest=true&page=,Aksesoris Handphone,0,https://www.lazada.co.id/beli-aksesori-handphone/?ajax=true&isFirstRequest=true&page=
beli-kabel-handphone,/?ajax=true&isFirstRequest=true&page=,Kabel Handphone,0,https://www.lazada.co.id/beli-kabel-handphone/?ajax=true&isFirstRequest=true&page=
jual-charger-kabel,/?ajax=true&isFirstRequest=true&page=,Kabel Charger Handphone,0,https://www.lazada.co.id/jual-charger-kabel/?ajax=true&isFirstRequest=true&page=
beli-sarung-pelindung-handphone,/?ajax=true&isFirstRequest=true&page=,Casing Handphone,0,https://www.lazada.co.id/beli-sarung-pelindung-handphone/?ajax=true&isFirstRequest=true&page=
jual-pelindung-layar,/?ajax=true&isFirstRequest=true&page=,Pelindung Layar,0,https://www.lazada.co.id/jual-pelindung-layar/?ajax=true&isFirstRequest=true&page=
jual-tongsis,/?ajax=true&isFirstRequest=true&page=,Tongsis,0,https://www.lazada.co.id/jual-tongsis/?ajax=true&isFirstRequest=true&page=
jual-dudukan-mobil,/?ajax=true&isFirstRequest=true&page=,Phone Holder,0,https://www.lazada.co.id/jual-dudukan-mobil/?ajax=true&isFirstRequest=true&page=
beli-baterai-handphone,/?ajax=true&isFirstRequest=true&page=,Baterai Handphone,0,https://www.lazada.co.id/beli-baterai-handphone/?ajax=true&isFirstRequest=true&page=
beli-suku-cadang-handphone,/?ajax=true&isFirstRequest=true&page=,Suku Cadang Handphone,0,https://www.lazada.co.id/beli-suku-cadang-handphone/?ajax=true&isFirstRequest=true&page=
shop-aksesori-ponsel,/?ajax=true&isFirstRequest=true&page=,Aksesoris Ponsel,0,https://www.lazada.co.id/shop-aksesori-ponsel/?ajax=true&isFirstRequest=true&page=
beli-aksesori-komputer,/?ajax=true&isFirstRequest=true&page=,Aksesoris Komputer,0,https://www.lazada.co.id/beli-aksesori-komputer/?ajax=true&isFirstRequest=true&page=
beli-mouse,/?ajax=true&isFirstRequest=true&page=,Mouse,0,https://www.lazada.co.id/beli-mouse/?ajax=true&isFirstRequest=true&page=
beli-keyboard,/?ajax=true&isFirstRequest=true&page=,Keyboard Komputer,0,https://www.lazada.co.id/beli-keyboard/?ajax=true&isFirstRequest=true&page=
beli-monitor,/?ajax=true&isFirstRequest=true&page=,Monitor,0,https://www.lazada.co.id/beli-monitor/?ajax=true&isFirstRequest=true&page=
adaptor-jaringan,/?ajax=true&isFirstRequest=true&page=,Adaptor Jaringan,0,https://www.lazada.co.id/adaptor-jaringan/?ajax=true&isFirstRequest=true&page=
beli-audio-pc,/?ajax=true&isFirstRequest=true&page=,Audio PC,0,https://www.lazada.co.id/beli-audio-pc/?ajax=true&isFirstRequest=true&page=
jual-adaptor-kabel,/?ajax=true&isFirstRequest=true&page=,Adaptor & Kabel,0,https://www.lazada.co.id/jual-adaptor-kabel/?ajax=true&isFirstRequest=true&page=
beli-adaptor-baterai-komputer,/?ajax=true&isFirstRequest=true&page=,Adaptor Baterai Komputer,0,https://www.lazada.co.id/beli-adaptor-baterai-komputer/?ajax=true&isFirstRequest=true&page=
beli-mousepad,/?ajax=true&isFirstRequest=true&page=,Mousepad,0,https://www.lazada.co.id/beli-mousepad/?ajax=true&isFirstRequest=true&page=
beli-alas-pendingin,/?ajax=true&isFirstRequest=true&page=,Cooling Pads,0,https://www.lazada.co.id/beli-alas-pendingin/?ajax=true&isFirstRequest=true&page=
shop-audio,/?ajax=true&isFirstRequest=true&page=,Audio,0,https://www.lazada.co.id/shop-audio/?ajax=true&isFirstRequest=true&page=
beli-headphone-dan-headset,/?ajax=true&isFirstRequest=true&page=,Headphone & Headset,0,https://www.lazada.co.id/beli-headphone-dan-headset/?ajax=true&isFirstRequest=true&page=
beli-audio-player,/?ajax=true&isFirstRequest=true&page=,Speaker Portable,0,https://www.lazada.co.id/beli-audio-player/?ajax=true&isFirstRequest=true&page=
beli-speaker-smart,/?ajax=true&isFirstRequest=true&page=,Speaker Smart,0,https://www.lazada.co.id/beli-speaker-smart/?ajax=true&isFirstRequest=true&page=
shop-perangkat-pintar,/?ajax=true&isFirstRequest=true&page=,Aksesoris Berteknologi,0,https://www.lazada.co.id/shop-perangkat-pintar/?ajax=true&isFirstRequest=true&page=
shop-smartwatch,/?ajax=true&isFirstRequest=true&page=,Smart Watch,0,https://www.lazada.co.id/shop-smartwatch/?ajax=true&isFirstRequest=true&page=
shop-tali-smartwatch,/?ajax=true&isFirstRequest=true&page=,Aksesoris Smart Watch,0,https://www.lazada.co.id/shop-tali-smartwatch/?ajax=true&isFirstRequest=true&page=
beli-tracker-fitness-aktivitas,/?ajax=true&isFirstRequest=true&page=,Activity Tracker,0,https://www.lazada.co.id/beli-tracker-fitness-aktivitas/?ajax=true&isFirstRequest=true&page=
jual-strap-tracker-aktivitas,/?ajax=true&isFirstRequest=true&page=,Aksesoris Fitness Tracker,0,https://www.lazada.co.id/jual-strap-tracker-aktivitas/?ajax=true&isFirstRequest=true&page=
jual-virtual-reality,/?ajax=true&isFirstRequest=true&page=,Virtual Reality,0,https://www.lazada.co.id/jual-virtual-reality/?ajax=true&isFirstRequest=true&page=
jual-kendali-gerakan,/?ajax=true&isFirstRequest=true&page=,Kendali Gerakan,0,https://www.lazada.co.id/jual-kendali-gerakan/?ajax=true&isFirstRequest=true&page=
beli-smart-glasses,/?ajax=true&isFirstRequest=true&page=,Kacamata Pintar,0,https://www.lazada.co.id/beli-smart-glasses/?ajax=true&isFirstRequest=true&page=
beli-aksesoris-2,/?ajax=true&isFirstRequest=true&page=,Aksesoris Kamera,0,https://www.lazada.co.id/beli-aksesoris-2/?ajax=true&isFirstRequest=true&page=
beli-tripod-monopod,/?ajax=true&isFirstRequest=true&page=,Tripod & Monopod,0,https://www.lazada.co.id/beli-tripod-monopod/?ajax=true&isFirstRequest=true&page=
beli-kartu-memori,/?ajax=true&isFirstRequest=true&page=,Kartu Memori,0,https://www.lazada.co.id/beli-kartu-memori/?ajax=true&isFirstRequest=true&page=
beli-lensa-kamera,/?ajax=true&isFirstRequest=true&page=,Lensa Kamera,0,https://www.lazada.co.id/beli-lensa-kamera/?ajax=true&isFirstRequest=true&page=
beli-flash,/?ajax=true&isFirstRequest=true&page=,Flash,0,https://www.lazada.co.id/beli-flash/?ajax=true&isFirstRequest=true&page=
beli-sarung-pelindung-tas-kamera,/?ajax=true&isFirstRequest=true&page=,"Sarung, Pelindung & Tas Kamera",0,https://www.lazada.co.id/beli-sarung-pelindung-tas-kamera/?ajax=true&isFirstRequest=true&page=
beli-charger-baterai,/?ajax=true&isFirstRequest=true&page=,Charger Kamera,0,https://www.lazada.co.id/beli-charger-baterai/?ajax=true&isFirstRequest=true&page=
beli-baterai,/?ajax=true&isFirstRequest=true&page=,Baterai Kamera,0,https://www.lazada.co.id/beli-baterai/?ajax=true&isFirstRequest=true&page=
beli-aksesoris-kamera-aksi,/?ajax=true&isFirstRequest=true&page=,Aksesoris Kamera Aksi,0,https://www.lazada.co.id/beli-aksesoris-kamera-aksi/?ajax=true&isFirstRequest=true&page=
jual-film-kamera-instan,/?ajax=true&isFirstRequest=true&page=,Aksesoris Kamera Instan,0,https://www.lazada.co.id/jual-film-kamera-instan/?ajax=true&isFirstRequest=true&page=
beli-perlengkapan-lighting-studio,/?ajax=true&isFirstRequest=true&page=,Perlengkapan Lightning & Studio,0,https://www.lazada.co.id/beli-perlengkapan-lighting-studio/?ajax=true&isFirstRequest=true&page=
shop-penyimpanan-data,/?ajax=true&isFirstRequest=true&page=,Penyimpanan Data,0,https://www.lazada.co.id/shop-penyimpanan-data/?ajax=true&isFirstRequest=true&page=
jual-flash-drives,/?ajax=true&isFirstRequest=true&page=,Flash Drive,0,https://www.lazada.co.id/jual-flash-drives/?ajax=true&isFirstRequest=true&page=
jual-otg-drives,/?ajax=true&isFirstRequest=true&page=,OTG Drive,0,https://www.lazada.co.id/jual-otg-drives/?ajax=true&isFirstRequest=true&page=
beli-harddisk-eksternal,/?ajax=true&isFirstRequest=true&page=,Harddisk Eksternal,0,https://www.lazada.co.id/beli-harddisk-eksternal/?ajax=true&isFirstRequest=true&page=
beli-hard-drive-internal,/?ajax=true&isFirstRequest=true&page=,Hard Drive Internal,0,https://www.lazada.co.id/beli-hard-drive-internal/?ajax=true&isFirstRequest=true&page=
beli-solid-state-drive,/?ajax=true&isFirstRequest=true&page=,Internal SSD,0,https://www.lazada.co.id/beli-solid-state-drive/?ajax=true&isFirstRequest=true&page=
beli-external-solid-state-drive,/?ajax=true&isFirstRequest=true&page=,Eksternal SSD,0,https://www.lazada.co.id/beli-external-solid-state-drive/?ajax=true&isFirstRequest=true&page=
beli-printers,/?ajax=true&isFirstRequest=true&page=,Printer,0,https://www.lazada.co.id/beli-printers/?ajax=true&isFirstRequest=true&page=
tinta-printer,/?ajax=true&isFirstRequest=true&page=,Tinta Printer,0,https://www.lazada.co.id/tinta-printer/?ajax=true&isFirstRequest=true&page=
pencetak-3d,/?ajax=true&isFirstRequest=true&page=,Printer 3D,0,https://www.lazada.co.id/pencetak-3d/?ajax=true&isFirstRequest=true&page=
beli-printer-stand,/?ajax=true&isFirstRequest=true&page=,Printer POS & Thermal,0,https://www.lazada.co.id/beli-printer-stand/?ajax=true&isFirstRequest=true&page=
beli-mesin-fax,/?ajax=true&isFirstRequest=true&page=,Mesin Faks,0,https://www.lazada.co.id/beli-mesin-fax/?ajax=true&isFirstRequest=true&page=
printer-pemotong,/?ajax=true&isFirstRequest=true&page=,Mesin Cutting Sticker,0,https://www.lazada.co.id/printer-pemotong/?ajax=true&isFirstRequest=true&page=
modul-memori-printer,/?ajax=true&isFirstRequest=true&page=,Memori Printer,0,https://www.lazada.co.id/modul-memori-printer/?ajax=true&isFirstRequest=true&page=
jual-casing-cover-tablet,/?ajax=true&isFirstRequest=true&page=,Casing Tablet,0,https://www.lazada.co.id/jual-casing-cover-tablet/?ajax=true&isFirstRequest=true&page=
beli-keyboard-tablet,/?ajax=true&isFirstRequest=true&page=,Keyboard Tablet,0,https://www.lazada.co.id/beli-keyboard-tablet/?ajax=true&isFirstRequest=true&page=
beli-pen-stylus-tablet,/?ajax=true&isFirstRequest=true&page=,Pen Stylis Tablet,0,https://www.lazada.co.id/beli-pen-stylus-tablet/?ajax=true&isFirstRequest=true&page=
beli-komponen-komputer,/?ajax=true&isFirstRequest=true&page=,Komponen Komputer,0,https://www.lazada.co.id/beli-komponen-komputer/?ajax=true&isFirstRequest=true&page=
beli-ram,/?ajax=true&isFirstRequest=true&page=,RAM,0,https://www.lazada.co.id/beli-ram/?ajax=true&isFirstRequest=true&page=
beli-motherboard,/?ajax=true&isFirstRequest=true&page=,Motherboard,0,https://www.lazada.co.id/beli-motherboard/?ajax=true&isFirstRequest=true&page=
beli-prosesor,/?ajax=true&isFirstRequest=true&page=,Prosesor,0,https://www.lazada.co.id/beli-prosesor/?ajax=true&isFirstRequest=true&page=
beli-kartu-grafis,/?ajax=true&isFirstRequest=true&page=,Kartu Grafis,0,https://www.lazada.co.id/beli-kartu-grafis/?ajax=true&isFirstRequest=true&page=
beli-casing-cpu,/?ajax=true&isFirstRequest=true&page=,Casing Komputer,0,https://www.lazada.co.id/beli-casing-cpu/?ajax=true&isFirstRequest=true&page=
beli-power-supply-unit,/?ajax=true&isFirstRequest=true&page=,Power Supply Unit,0,https://www.lazada.co.id/beli-power-supply-unit/?ajax=true&isFirstRequest=true&page=
soundcard,/?ajax=true&isFirstRequest=true&page=,Soundcard,0,https://www.lazada.co.id/soundcard/?ajax=true&isFirstRequest=true&page=
beli-hard-drive-optikal,/?ajax=true&isFirstRequest=true&page=,Front Panel,0,https://www.lazada.co.id/beli-hard-drive-optikal/?ajax=true&isFirstRequest=true&page=
beli-water-cooling-system,/?ajax=true&isFirstRequest=true&page=,Water Cooling System,0,https://www.lazada.co.id/beli-water-cooling-system/?ajax=true&isFirstRequest=true&page=
pakaian-wanita,/?ajax=true&isFirstRequest=true&page=,Pakaian Wanita,0,https://www.lazada.co.id/pakaian-wanita/?ajax=true&isFirstRequest=true&page=
jeans-wanita,/?ajax=true&isFirstRequest=true&page=,Jeans Wanita,0,https://www.lazada.co.id/jeans-wanita/?ajax=true&isFirstRequest=true&page=
gaun-wanita,/?ajax=true&isFirstRequest=true&page=,Dress Wanita,0,https://www.lazada.co.id/gaun-wanita/?ajax=true&isFirstRequest=true&page=
kaos-atasan-wanita,/?ajax=true&isFirstRequest=true&page=,Atasan Wanita,0,https://www.lazada.co.id/kaos-atasan-wanita/?ajax=true&isFirstRequest=true&page=
sweater-dan-cardigan-wanita,/?ajax=true&isFirstRequest=true&page=,Sweater & Cardigan Wanita,0,https://www.lazada.co.id/sweater-dan-cardigan-wanita/?ajax=true&isFirstRequest=true&page=
celana-panjang-dan-pendek-wanita,/?ajax=true&isFirstRequest=true&page=,Celana & Legging Wanita,0,https://www.lazada.co.id/celana-panjang-dan-pendek-wanita/?ajax=true&isFirstRequest=true&page=
rok-wanita,/?ajax=true&isFirstRequest=true&page=,Rok Wanita,0,https://www.lazada.co.id/rok-wanita/?ajax=true&isFirstRequest=true&page=
jaket-dan-mantel-wanita,/?ajax=true&isFirstRequest=true&page=,Jaket & Mantel Wanita,0,https://www.lazada.co.id/jaket-dan-mantel-wanita/?ajax=true&isFirstRequest=true&page=
kaos-kaki-celana-tights-wanita,/?ajax=true&isFirstRequest=true&page=,Kaus Kaki & Celana Ketat Wanita,0,https://www.lazada.co.id/kaos-kaki-celana-tights-wanita/?ajax=true&isFirstRequest=true&page=
jual-celana-pendek-wanita,/?ajax=true&isFirstRequest=true&page=,Celana Pendek Wanita,0,https://www.lazada.co.id/jual-celana-pendek-wanita/?ajax=true&isFirstRequest=true&page=
overalls-jumpsuit-wanita,/?ajax=true&isFirstRequest=true&page=,Jumpsuit & Playsuit Wanita,0,https://www.lazada.co.id/overalls-jumpsuit-wanita/?ajax=true&isFirstRequest=true&page=
hoodie-sweatshirt-wanita,/?ajax=true&isFirstRequest=true&page=,Hoodie & Sweatshirt Wanita,0,https://www.lazada.co.id/hoodie-sweatshirt-wanita/?ajax=true&isFirstRequest=true&page=
baju-muslim-wanita,/?ajax=true&isFirstRequest=true&page=,Baju Muslim Wanita,0,https://www.lazada.co.id/baju-muslim-wanita/?ajax=true&isFirstRequest=true&page=
hijab,/?ajax=true&isFirstRequest=true&page=,Hijab,0,https://www.lazada.co.id/hijab/?ajax=true&isFirstRequest=true&page=
atasan-muslimah-wanita,/?ajax=true&isFirstRequest=true&page=,Atasan Muslimah,0,https://www.lazada.co.id/atasan-muslimah-wanita/?ajax=true&isFirstRequest=true&page=
dress-muslimah,/?ajax=true&isFirstRequest=true&page=,Baju Muslim & Jumpsuit,0,https://www.lazada.co.id/dress-muslimah/?ajax=true&isFirstRequest=true&page=
bawahan-muslimah,/?ajax=true&isFirstRequest=true&page=,Bawahan Muslim Wanita,0,https://www.lazada.co.id/bawahan-muslimah/?ajax=true&isFirstRequest=true&page=
jaket-dan-kardigan-wanita-muslim,/?ajax=true&isFirstRequest=true&page=,Luaran Muslim Wanita,0,https://www.lazada.co.id/jaket-dan-kardigan-wanita-muslim/?ajax=true&isFirstRequest=true&page=
aksesoris-muslim-wanita,/?ajax=true&isFirstRequest=true&page=,Aksesoris Muslim Wanita,0,https://www.lazada.co.id/aksesoris-muslim-wanita/?ajax=true&isFirstRequest=true&page=
jual-baju-renang-muslim-wanita,/?ajax=true&isFirstRequest=true&page=,Baju Renang Muslim Wanita,0,https://www.lazada.co.id/jual-baju-renang-muslim-wanita/?ajax=true&isFirstRequest=true&page=
jual-baju-kurung-wanita,/?ajax=true&isFirstRequest=true&page=,Baju Kurung Wanita,0,https://www.lazada.co.id/jual-baju-kurung-wanita/?ajax=true&isFirstRequest=true&page=
lingerie-baju-tidur,/?ajax=true&isFirstRequest=true&page=,"Lingerie, Baju Tidur & Santai",0,https://www.lazada.co.id/lingerie-baju-tidur/?ajax=true&isFirstRequest=true&page=
bra-wanita,/?ajax=true&isFirstRequest=true&page=,Bra,0,https://www.lazada.co.id/bra-wanita/?ajax=true&isFirstRequest=true&page=
celana-dalam-wanita,/?ajax=true&isFirstRequest=true&page=,Celana Dalam ,0,https://www.lazada.co.id/celana-dalam-wanita/?ajax=true&isFirstRequest=true&page=
shapewear-baju-pembentuk-tubuh-wanita,/?ajax=true&isFirstRequest=true&page=,Shapewear,0,https://www.lazada.co.id/shapewear-baju-pembentuk-tubuh-wanita/?ajax=true&isFirstRequest=true&page=
bathrobe-baju-mandi-wanita,/?ajax=true&isFirstRequest=true&page=,Baju Tidur & Santai Wanita,0,https://www.lazada.co.id/bathrobe-baju-mandi-wanita/?ajax=true&isFirstRequest=true&page=
jual-jubah-tidur-wanita,/?ajax=true&isFirstRequest=true&page=,Jubah Tidur Wanita,0,https://www.lazada.co.id/jual-jubah-tidur-wanita/?ajax=true&isFirstRequest=true&page=
jual-set-lingerie,/?ajax=true&isFirstRequest=true&page=,Set Lingerie,0,https://www.lazada.co.id/jual-set-lingerie/?ajax=true&isFirstRequest=true&page=
jual-kamisol-slips-wanita,/?ajax=true&isFirstRequest=true&page=,Kamisol & Slips,0,https://www.lazada.co.id/jual-kamisol-slips-wanita/?ajax=true&isFirstRequest=true&page=
jual-bodysuit-wanita,/?ajax=true&isFirstRequest=true&page=,Bodysuit,0,https://www.lazada.co.id/jual-bodysuit-wanita/?ajax=true&isFirstRequest=true&page=
jual-aksesori-lingerie-wanita,/?ajax=true&isFirstRequest=true&page=,Aksesori Lingerie,0,https://www.lazada.co.id/jual-aksesori-lingerie-wanita/?ajax=true&isFirstRequest=true&page=
sepatu-wanita,/?ajax=true&isFirstRequest=true&page=,Sepatu Wanita,0,https://www.lazada.co.id/sepatu-wanita/?ajax=true&isFirstRequest=true&page=
flat-shoes,/?ajax=true&isFirstRequest=true&page=,Sepatu Flat Wanita,0,https://www.lazada.co.id/flat-shoes/?ajax=true&isFirstRequest=true&page=
heels,/?ajax=true&isFirstRequest=true&page=,Sepatu Hak Tinggi,0,https://www.lazada.co.id/heels/?ajax=true&isFirstRequest=true&page=
sneakers,/?ajax=true&isFirstRequest=true&page=,Sneakers Wanita,0,https://www.lazada.co.id/sneakers/?ajax=true&isFirstRequest=true&page=
wedges,/?ajax=true&isFirstRequest=true&page=,Wedges,0,https://www.lazada.co.id/wedges/?ajax=true&isFirstRequest=true&page=
boots-wanita,/?ajax=true&isFirstRequest=true&page=,Sepatu Boot Wanita,0,https://www.lazada.co.id/boots-wanita/?ajax=true&isFirstRequest=true&page=
aksesoris-sepatu-wanita,/?ajax=true&isFirstRequest=true&page=,Aksesoris Sepatu Wanita,0,https://www.lazada.co.id/aksesoris-sepatu-wanita/?ajax=true&isFirstRequest=true&page=
sandal-wanita,/?ajax=true&isFirstRequest=true&page=,Sandal Wanita,0,https://www.lazada.co.id/sandal-wanita/?ajax=true&isFirstRequest=true&page=
sandal-jepit-wanita,/?ajax=true&isFirstRequest=true&page=,Sandal & Flip Flop Wanita,0,https://www.lazada.co.id/sandal-jepit-wanita/?ajax=true&isFirstRequest=true&page=
aksesoris-wanita,/?ajax=true&isFirstRequest=true&page=,Aksesoris Wanita,0,https://www.lazada.co.id/aksesoris-wanita/?ajax=true&isFirstRequest=true&page=
ikat-pinggang-wanita,/?ajax=true&isFirstRequest=true&page=,Ikat Pinggang Wanita,0,https://www.lazada.co.id/ikat-pinggang-wanita/?ajax=true&isFirstRequest=true&page=
topi-wanita,/?ajax=true&isFirstRequest=true&page=,Topi Wanita,0,https://www.lazada.co.id/topi-wanita/?ajax=true&isFirstRequest=true&page=
aksesoris-rambut,/?ajax=true&isFirstRequest=true&page=,Aksesoris Rambut Wanita,0,https://www.lazada.co.id/aksesoris-rambut/?ajax=true&isFirstRequest=true&page=
scarf-wanita,/?ajax=true&isFirstRequest=true&page=,Scarf Wanita,0,https://www.lazada.co.id/scarf-wanita/?ajax=true&isFirstRequest=true&page=
sarung-tangan-wanita,/?ajax=true&isFirstRequest=true&page=,Sarung Tangan Wanita,0,https://www.lazada.co.id/sarung-tangan-wanita/?ajax=true&isFirstRequest=true&page=
shop-women-fabricmask,/?ajax=true&isFirstRequest=true&page=,Masker Wajah Wanita,0,https://www.lazada.co.id/shop-women-fabricmask/?ajax=true&isFirstRequest=true&page=
tas-wanita,/?ajax=true&isFirstRequest=true&page=,Tas Wanita,0,https://www.lazada.co.id/tas-wanita/?ajax=true&isFirstRequest=true&page=
tas-punggung-wanita,/?ajax=true&isFirstRequest=true&page=,Tas Ransel Wanita,0,https://www.lazada.co.id/tas-punggung-wanita/?ajax=true&isFirstRequest=true&page=
jual-aksesori-tas-wanita,/?ajax=true&isFirstRequest=true&page=,Aksesoris Tas,0,https://www.lazada.co.id/jual-aksesori-tas-wanita/?ajax=true&isFirstRequest=true&page=
shop-tas-pinggang-wanita,/?ajax=true&isFirstRequest=true&page=,Tas Pinggang Wanita,0,https://www.lazada.co.id/shop-tas-pinggang-wanita/?ajax=true&isFirstRequest=true&page=
jual-dompet-kartu-wanita,/?ajax=true&isFirstRequest=true&page=,Dompet Kartu Wanita,0,https://www.lazada.co.id/jual-dompet-kartu-wanita/?ajax=true&isFirstRequest=true&page=
tas-genggam-wanita,/?ajax=true&isFirstRequest=true&page=,Clutches,0,https://www.lazada.co.id/tas-genggam-wanita/?ajax=true&isFirstRequest=true&page=
jual-dompet-koin-pouch-wanita,/?ajax=true&isFirstRequest=true&page=,Dompet Koin & Pouch Wanita,0,https://www.lazada.co.id/jual-dompet-koin-pouch-wanita/?ajax=true&isFirstRequest=true&page=
tas-selempang-badan-wanita,/?ajax=true&isFirstRequest=true&page=,Tas Selempang Wanita,0,https://www.lazada.co.id/tas-selempang-badan-wanita/?ajax=true&isFirstRequest=true&page=
shop-tas-mewah-wanita,/?ajax=true&isFirstRequest=true&page=,Tas Luxury Wanita,0,https://www.lazada.co.id/shop-tas-mewah-wanita/?ajax=true&isFirstRequest=true&page=
top-handle-bag,/?ajax=true&isFirstRequest=true&page=,Top-handle Bag,0,https://www.lazada.co.id/top-handle-bag/?ajax=true&isFirstRequest=true&page=
tote-bag-wanita,/?ajax=true&isFirstRequest=true&page=,Tote Bag Wanita,0,https://www.lazada.co.id/tote-bag-wanita/?ajax=true&isFirstRequest=true&page=
jual-dompet-wanita,/?ajax=true&isFirstRequest=true&page=,Dompet Wanita,0,https://www.lazada.co.id/jual-dompet-wanita/?ajax=true&isFirstRequest=true&page=
beli-wanita-perhiasan-fashion/,/?ajax=true&isFirstRequest=true&page=,Perhiasan Fashion Wanita,0,https://www.lazada.co.id/beli-wanita-perhiasan-fashion//?ajax=true&isFirstRequest=true&page=
beli-wanita-logam-berharga,/?ajax=true&isFirstRequest=true&page=,Logam Berharga,0,https://www.lazada.co.id/beli-wanita-logam-berharga/?ajax=true&isFirstRequest=true&page=
beli-jam-tangan-wanita,/?ajax=true&isFirstRequest=true&page=,Jam Tangan Wanita,0,https://www.lazada.co.id/beli-jam-tangan-wanita/?ajax=true&isFirstRequest=true&page=
shop-aksesori-jam-tangan-wanita,/?ajax=true&isFirstRequest=true&page=,Aksesoris Jam Wanita,0,https://www.lazada.co.id/shop-aksesori-jam-tangan-wanita/?ajax=true&isFirstRequest=true&page=
beli-jam-tangan-kasual-wanita,/?ajax=true&isFirstRequest=true&page=,Jam Tangan Kasual Wanita,0,https://www.lazada.co.id/beli-jam-tangan-kasual-wanita/?ajax=true&isFirstRequest=true&page=
beli-jam-tangan-formal-wanita,/?ajax=true&isFirstRequest=true&page=,Jam Tangan Formal Wanita,0,https://www.lazada.co.id/beli-jam-tangan-formal-wanita/?ajax=true&isFirstRequest=true&page=
shop-jam-tangan-mewah-wanita,/?ajax=true&isFirstRequest=true&page=,Jam Tangan Mewah Wanita,0,https://www.lazada.co.id/shop-jam-tangan-mewah-wanita/?ajax=true&isFirstRequest=true&page=
shop-pre-owned-jam-tangan-wanita,/?ajax=true&isFirstRequest=true&page=,Pra Dimiliki ,0,https://www.lazada.co.id/shop-pre-owned-jam-tangan-wanita/?ajax=true&isFirstRequest=true&page=
beli-jam-tangan-olahraga-wanita,/?ajax=true&isFirstRequest=true&page=,Jam Tangan Olahraga Wanita,0,https://www.lazada.co.id/beli-jam-tangan-olahraga-wanita/?ajax=true&isFirstRequest=true&page=
pakaian-pria,/?ajax=true&isFirstRequest=true&page=,Pakaian Pria,0,https://www.lazada.co.id/pakaian-pria/?ajax=true&isFirstRequest=true&page=
jual-hoodie-pria,/?ajax=true&isFirstRequest=true&page=,Hoodie & Sweatshirt Pria,0,https://www.lazada.co.id/jual-hoodie-pria/?ajax=true&isFirstRequest=true&page=
jaket-dan-mantel-pria,/?ajax=true&isFirstRequest=true&page=,Jaket & Mantel Pria,0,https://www.lazada.co.id/jaket-dan-mantel-pria/?ajax=true&isFirstRequest=true&page=
jeans-pria,/?ajax=true&isFirstRequest=true&page=,Jeans Pria,0,https://www.lazada.co.id/jeans-pria/?ajax=true&isFirstRequest=true&page=
celana-pendek-dan-panjang-pria,/?ajax=true&isFirstRequest=true&page=,Celana Pria,0,https://www.lazada.co.id/celana-pendek-dan-panjang-pria/?ajax=true&isFirstRequest=true&page=
polo-shirt-pria,/?ajax=true&isFirstRequest=true&page=,Polo Shirt Pria,0,https://www.lazada.co.id/polo-shirt-pria/?ajax=true&isFirstRequest=true&page=
kemeja-pria,/?ajax=true&isFirstRequest=true&page=,Kemeja Pria,0,https://www.lazada.co.id/kemeja-pria/?ajax=true&isFirstRequest=true&page=
jual-celana-pendek-pria,/?ajax=true&isFirstRequest=true&page=,Celana Pendek Pria,0,https://www.lazada.co.id/jual-celana-pendek-pria/?ajax=true&isFirstRequest=true&page=
jual-kaus-kaki-pria,/?ajax=true&isFirstRequest=true&page=,Kaus Kaki Pria,0,https://www.lazada.co.id/jual-kaus-kaki-pria/?ajax=true&isFirstRequest=true&page=
jas-pria,/?ajax=true&isFirstRequest=true&page=,Jaz & Blazer Pria,0,https://www.lazada.co.id/jas-pria/?ajax=true&isFirstRequest=true&page=
sweater-dan-cardigan-pria,/?ajax=true&isFirstRequest=true&page=,Sweater & Cardigan Pria,0,https://www.lazada.co.id/sweater-dan-cardigan-pria/?ajax=true&isFirstRequest=true&page=
baju-renang-pria,/?ajax=true&isFirstRequest=true&page=,Baju Renang Muslim Wanita,0,https://www.lazada.co.id/baju-renang-pria/?ajax=true&isFirstRequest=true&page=
atasan-kasual-kaos-pria,/?ajax=true&isFirstRequest=true&page=,T-shirt & Kaos Dalam,0,https://www.lazada.co.id/atasan-kasual-kaos-pria/?ajax=true&isFirstRequest=true&page=
baju-muslim-pria,/?ajax=true&isFirstRequest=true&page=,Baju Muslim Pria,0,https://www.lazada.co.id/baju-muslim-pria/?ajax=true&isFirstRequest=true&page=
jubah-muslim-pria,/?ajax=true&isFirstRequest=true&page=,Jubah Muslim Pria,0,https://www.lazada.co.id/jubah-muslim-pria/?ajax=true&isFirstRequest=true&page=
aksesoris-muslim-pria,/?ajax=true&isFirstRequest=true&page=,Aksesoris Muslim Pria,0,https://www.lazada.co.id/aksesoris-muslim-pria/?ajax=true&isFirstRequest=true&page=
cekak-musang-pria,/?ajax=true&isFirstRequest=true&page=,Baju Muslimin,0,https://www.lazada.co.id/cekak-musang-pria/?ajax=true&isFirstRequest=true&page=
shop-kopiah,/?ajax=true&isFirstRequest=true&page=,Kopiah,0,https://www.lazada.co.id/shop-kopiah/?ajax=true&isFirstRequest=true&page=
pakaian-dalam-dan-kaos-kaki-pria,/?ajax=true&isFirstRequest=true&page=,Pakaian Dalam Pria,0,https://www.lazada.co.id/pakaian-dalam-dan-kaos-kaki-pria/?ajax=true&isFirstRequest=true&page=
celana-dalam-pria,/?ajax=true&isFirstRequest=true&page=,Celana Dalam Pria,0,https://www.lazada.co.id/celana-dalam-pria/?ajax=true&isFirstRequest=true&page=
baju-tidur-pria,/?ajax=true&isFirstRequest=true&page=,Pakaian Tidur Pria,0,https://www.lazada.co.id/baju-tidur-pria/?ajax=true&isFirstRequest=true&page=
pakaian-dalam-boxer-pria,/?ajax=true&isFirstRequest=true&page=,Boxer Pria,0,https://www.lazada.co.id/pakaian-dalam-boxer-pria/?ajax=true&isFirstRequest=true&page=
pakaian-dalam-pria-thongs-lainnya,/?ajax=true&isFirstRequest=true&page=,Thongs & Lainnya,0,https://www.lazada.co.id/pakaian-dalam-pria-thongs-lainnya/?ajax=true&isFirstRequest=true&page=
sepatu-pria,/?ajax=true&isFirstRequest=true&page=,Sepatu Pria,0,https://www.lazada.co.id/sepatu-pria/?ajax=true&isFirstRequest=true&page=
boots-pria,/?ajax=true&isFirstRequest=true&page=,Boots Pria,0,https://www.lazada.co.id/boots-pria/?ajax=true&isFirstRequest=true&page=
sandal-jepit-pria,/?ajax=true&isFirstRequest=true&page=,Flip FLop & Sendal Pria,0,https://www.lazada.co.id/sandal-jepit-pria/?ajax=true&isFirstRequest=true&page=
sepatu-pantofel,/?ajax=true&isFirstRequest=true&page=,Sepatu Formal Pria,0,https://www.lazada.co.id/sepatu-pantofel/?ajax=true&isFirstRequest=true&page=
aksesoris-sepatu-pria,/?ajax=true&isFirstRequest=true&page=,Aksesoris Sepatu Pria,0,https://www.lazada.co.id/aksesoris-sepatu-pria/?ajax=true&isFirstRequest=true&page=
jual-slip-on-loafer-pria,/?ajax=true&isFirstRequest=true&page=,Slip On & Loafer,0,https://www.lazada.co.id/jual-slip-on-loafer-pria/?ajax=true&isFirstRequest=true&page=
sneakers-pria,/?ajax=true&isFirstRequest=true&page=,Sneaker Pria,0,https://www.lazada.co.id/sneakers-pria/?ajax=true&isFirstRequest=true&page=
aksesoris-pria,/?ajax=true&isFirstRequest=true&page=,Aksesoris Pria,0,https://www.lazada.co.id/aksesoris-pria/?ajax=true&isFirstRequest=true&page=
aksesoris-dasi,/?ajax=true&isFirstRequest=true&page=,Dasi ,0,https://www.lazada.co.id/aksesoris-dasi/?ajax=true&isFirstRequest=true&page=
aksesoris-dasi-kupu-kupu,/?ajax=true&isFirstRequest=true&page=,Aksesoris Dasi Kupu-Kupu,0,https://www.lazada.co.id/aksesoris-dasi-kupu-kupu/?ajax=true&isFirstRequest=true&page=
syal-pria,/?ajax=true&isFirstRequest=true&page=,Scarf Pria,0,https://www.lazada.co.id/syal-pria/?ajax=true&isFirstRequest=true&page=
payung-pria,/?ajax=true&isFirstRequest=true&page=,Payung Pria,0,https://www.lazada.co.id/payung-pria/?ajax=true&isFirstRequest=true&page=
ikat-pinggang-pria,/?ajax=true&isFirstRequest=true&page=,Ikat Pinggang Pria,0,https://www.lazada.co.id/ikat-pinggang-pria/?ajax=true&isFirstRequest=true&page=
topi-pria,/?ajax=true&isFirstRequest=true&page=,Topi Wanita,0,https://www.lazada.co.id/topi-pria/?ajax=true&isFirstRequest=true&page=
sarung-tangan-pria,/?ajax=true&isFirstRequest=true&page=,Sarung Tangan Wanita,0,https://www.lazada.co.id/sarung-tangan-pria/?ajax=true&isFirstRequest=true&page=
suspender-pria,/?ajax=true&isFirstRequest=true&page=,Braces,0,https://www.lazada.co.id/suspender-pria/?ajax=true&isFirstRequest=true&page=
shop-masker-wajah-pria/,/?ajax=true&isFirstRequest=true&page=,Face Mask Pria,0,https://www.lazada.co.id/shop-masker-wajah-pria//?ajax=true&isFirstRequest=true&page=
tas-pria,/?ajax=true&isFirstRequest=true&page=,Tas Pria,,https://www.lazada.co.id/tas-pria/?ajax=true&isFirstRequest=true&page=
shop-ransel-pria,/?ajax=true&isFirstRequest=true&page=,Tas Ransel Pria,,https://www.lazada.co.id/shop-ransel-pria/?ajax=true&isFirstRequest=true&page=
tas-kerja-pria,/?ajax=true&isFirstRequest=true&page=,Tas Laptop Jinjing,,https://www.lazada.co.id/tas-kerja-pria/?ajax=true&isFirstRequest=true&page=
jual-dompet-kartu-pria,/?ajax=true&isFirstRequest=true&page=,Domper Kartu Pria,,https://www.lazada.co.id/jual-dompet-kartu-pria/?ajax=true&isFirstRequest=true&page=
jual-dompet-koin-pouch-pria,/?ajax=true&isFirstRequest=true&page=,Dompet Koin & Pouch Pria,,https://www.lazada.co.id/jual-dompet-koin-pouch-pria/?ajax=true&isFirstRequest=true&page=
jual-tas-selempang-pria,/?ajax=true&isFirstRequest=true&page=,Tas Selempang Wanita,,https://www.lazada.co.id/jual-tas-selempang-pria/?ajax=true&isFirstRequest=true&page=
tas-messenger-pria,/?ajax=true&isFirstRequest=true&page=,Tas Laptop Messenger,,https://www.lazada.co.id/tas-messenger-pria/?ajax=true&isFirstRequest=true&page=
jual-tas-tote-pria,/?ajax=true&isFirstRequest=true&page=,Tote Bag Pria,,https://www.lazada.co.id/jual-tas-tote-pria/?ajax=true&isFirstRequest=true&page=
beli-tas-pinggang,/?ajax=true&isFirstRequest=true&page=,Tas Pinngang,,https://www.lazada.co.id/beli-tas-pinggang/?ajax=true&isFirstRequest=true&page=
shop-dompet-pria,/?ajax=true&isFirstRequest=true&page=,Dompet Pria,,https://www.lazada.co.id/shop-dompet-pria/?ajax=true&isFirstRequest=true&page=
beli-jam-tangan-pria,/?ajax=true&isFirstRequest=true&page=,Jam Tangan Pria,,https://www.lazada.co.id/beli-jam-tangan-pria/?ajax=true&isFirstRequest=true&page=
beli-aksesoris-jam-tangan-pria,/?ajax=true&isFirstRequest=true&page=,Aksesoris Jam Tangan Pria,,https://www.lazada.co.id/beli-aksesoris-jam-tangan-pria/?ajax=true&isFirstRequest=true&page=
beli-jam-tangan-kasual-pria,/?ajax=true&isFirstRequest=true&page=,Jam Tangan Kasual Pria,,https://www.lazada.co.id/beli-jam-tangan-kasual-pria/?ajax=true&isFirstRequest=true&page=
beli-jam-tangan-formal-pria,/?ajax=true&isFirstRequest=true&page=,Jam Tangan Formal,,https://www.lazada.co.id/beli-jam-tangan-formal-pria/?ajax=true&isFirstRequest=true&page=
shop-jam-tangan-mewah-pria,/?ajax=true&isFirstRequest=true&page=,Jam Tangan Mewah Wanita,,https://www.lazada.co.id/shop-jam-tangan-mewah-pria/?ajax=true&isFirstRequest=true&page=
beli-jam-tangan-olahraga-pria,/?ajax=true&isFirstRequest=true&page=,Jam Tangan Olahraga Wanita,,https://www.lazada.co.id/beli-jam-tangan-olahraga-pria/?ajax=true&isFirstRequest=true&page=
shop-jam-tangan-pre-owned-pria,/?ajax=true&isFirstRequest=true&page=,Jam Tangan Pra Dimiliki,,https://www.lazada.co.id/shop-jam-tangan-pre-owned-pria/?ajax=true&isFirstRequest=true&page=
fashion-pakaian-anak-laki-laki,/?ajax=true&isFirstRequest=true&page=,Pakaian Anak Laki-Laki,,https://www.lazada.co.id/fashion-pakaian-anak-laki-laki/?ajax=true&isFirstRequest=true&page=
topi-anak-laki-laki,/?ajax=true&isFirstRequest=true&page=,Topi Anak Laki Laki,,https://www.lazada.co.id/topi-anak-laki-laki/?ajax=true&isFirstRequest=true&page=
jual-hoodie-anak-laki-laki,/?ajax=true&isFirstRequest=true&page=,Hoodie Anak Laki Laki,,https://www.lazada.co.id/jual-hoodie-anak-laki-laki/?ajax=true&isFirstRequest=true&page=
jaket-mantel-anak-laki-laki,/?ajax=true&isFirstRequest=true&page=,Jaket & Mantel Anak Laki Laki,,https://www.lazada.co.id/jaket-mantel-anak-laki-laki/?ajax=true&isFirstRequest=true&page=
beli-celana-pendek-pria,/?ajax=true&isFirstRequest=true&page=,Celana Pendek Anak Laki Laki,,https://www.lazada.co.id/beli-celana-pendek-pria/?ajax=true&isFirstRequest=true&page=
pakaian-tidur-anak-laki-laki,/?ajax=true&isFirstRequest=true&page=,Pakaian Tidur Anak Laki Laki,,https://www.lazada.co.id/pakaian-tidur-anak-laki-laki/?ajax=true&isFirstRequest=true&page=
sweater-cardigan-anak-laki-laki,/?ajax=true&isFirstRequest=true&page=,Sweater & Cardigan Anak,,https://www.lazada.co.id/sweater-cardigan-anak-laki-laki/?ajax=true&isFirstRequest=true&page=
payung-pakaian-hujan-anak-laki-laki,/?ajax=true&isFirstRequest=true&page=,Pakaian Hujan Anak Laki Laki,,https://www.lazada.co.id/payung-pakaian-hujan-anak-laki-laki/?ajax=true&isFirstRequest=true&page=
shop-pakaian-dalam,/?ajax=true&isFirstRequest=true&page=,Pakaian Dalam Anak Laki Laki,,https://www.lazada.co.id/shop-pakaian-dalam/?ajax=true&isFirstRequest=true&page=
celana-jeans-anak-laki-laki,/?ajax=true&isFirstRequest=true&page=,Celana & Jeans Anak Laki Laki,,https://www.lazada.co.id/celana-jeans-anak-laki-laki/?ajax=true&isFirstRequest=true&page=
shop-kaus-kaki,/?ajax=true&isFirstRequest=true&page=,Kaus Kaki Anak Laki Laki,,https://www.lazada.co.id/shop-kaus-kaki/?ajax=true&isFirstRequest=true&page=
baju-atasan-anak-laki-laki,/?ajax=true&isFirstRequest=true&page=,Baju & Atasan Anak Laki Laki,,https://www.lazada.co.id/baju-atasan-anak-laki-laki/?ajax=true&isFirstRequest=true&page=
pakaian-anak-perempuan,/?ajax=true&isFirstRequest=true&page=,Pakaian Anak Perempuan,,https://www.lazada.co.id/pakaian-anak-perempuan/?ajax=true&isFirstRequest=true&page=
celana-jeans-anak-perempuan,/?ajax=true&isFirstRequest=true&page=,Bawahan Anak Perempuan,,https://www.lazada.co.id/celana-jeans-anak-perempuan/?ajax=true&isFirstRequest=true&page=
fashion-dress-anak-perempuan,/?ajax=true&isFirstRequest=true&page=,Dress Anak Perempuan,,https://www.lazada.co.id/fashion-dress-anak-perempuan/?ajax=true&isFirstRequest=true&page=
scarf-sarung-tangan-anak-perempuan,/?ajax=true&isFirstRequest=true&page=,Scarf Anak Perempuan,,https://www.lazada.co.id/scarf-sarung-tangan-anak-perempuan/?ajax=true&isFirstRequest=true&page=
jual-aksesori-rambut-anak-perempuan,/?ajax=true&isFirstRequest=true&page=,Aksesoris Rambut Anak Perempuan,,https://www.lazada.co.id/jual-aksesori-rambut-anak-perempuan/?ajax=true&isFirstRequest=true&page=
topi-anak-perempuan,/?ajax=true&isFirstRequest=true&page=,Topi Anak Perempuan,,https://www.lazada.co.id/topi-anak-perempuan/?ajax=true&isFirstRequest=true&page=
jual-hoodie-anak-laki-laki-2,/?ajax=true&isFirstRequest=true&page=,Hoodie Anak Perempuan,,https://www.lazada.co.id/jual-hoodie-anak-laki-laki-2/?ajax=true&isFirstRequest=true&page=
jaket-mantel-anak-perempuan,/?ajax=true&isFirstRequest=true&page=,Jaket & Mantel Anak Perempuan,,https://www.lazada.co.id/jaket-mantel-anak-perempuan/?ajax=true&isFirstRequest=true&page=
baju-atasan-anak-perempuan,/?ajax=true&isFirstRequest=true&page=,Batu & Atasan Anak Perempuan,,https://www.lazada.co.id/baju-atasan-anak-perempuan/?ajax=true&isFirstRequest=true&page=
payung-jas-hujan-anak-perempuan,/?ajax=true&isFirstRequest=true&page=,Pakaian Hujan Anak Perempuan,,https://www.lazada.co.id/payung-jas-hujan-anak-perempuan/?ajax=true&isFirstRequest=true&page=
pakaian-tidur-anak-perempuan,/?ajax=true&isFirstRequest=true&page=,Pakaian Dalam Anak Perempuan,,https://www.lazada.co.id/pakaian-tidur-anak-perempuan/?ajax=true&isFirstRequest=true&page=
shop-girls-jumpsuits-overalls,/?ajax=true&isFirstRequest=true&page=,Jumpsuits & Overalls Anak,,https://www.lazada.co.id/shop-girls-jumpsuits-overalls/?ajax=true&isFirstRequest=true&page=
fashion-sepatu-anak-laki-laki,/?ajax=true&isFirstRequest=true&page=,Sepatu Anak Laki Laki,,https://www.lazada.co.id/fashion-sepatu-anak-laki-laki/?ajax=true&isFirstRequest=true&page=
sepatu-boot-anak-laki-laki,/?ajax=true&isFirstRequest=true&page=,Sepatu Boot Anak Laki Laki,,https://www.lazada.co.id/sepatu-boot-anak-laki-laki/?ajax=true&isFirstRequest=true&page=
sepatu-lace-ups-anak-laki-laki,/?ajax=true&isFirstRequest=true&page=,Sepatu Formal Anak Laki Laki,,https://www.lazada.co.id/sepatu-lace-ups-anak-laki-laki/?ajax=true&isFirstRequest=true&page=
fashion-aksesoris-sepatu-anak-laki-laki,/?ajax=true&isFirstRequest=true&page=,Aksesoris Sepatu Anak Laki Laki,,https://www.lazada.co.id/fashion-aksesoris-sepatu-anak-laki-laki/?ajax=true&isFirstRequest=true&page=
sepatu-sneaker-anak-laki-laki,/?ajax=true&isFirstRequest=true&page=,Sneaker Anak Laki Laki,,https://www.lazada.co.id/sepatu-sneaker-anak-laki-laki/?ajax=true&isFirstRequest=true&page=
fashion-sepatu-anak-perempuan,/?ajax=true&isFirstRequest=true&page=,Sepatu Anak Perempuan,,https://www.lazada.co.id/fashion-sepatu-anak-perempuan/?ajax=true&isFirstRequest=true&page=
sepatu-balerina-anak-perempuan,/?ajax=true&isFirstRequest=true&page=,Sepatu Flat Anak Perempuan,,https://www.lazada.co.id/sepatu-balerina-anak-perempuan/?ajax=true&isFirstRequest=true&page=
sepatu-boot-anak-perempuan,/?ajax=true&isFirstRequest=true&page=,Sepatu Boot  Anak Perempuan,,https://www.lazada.co.id/sepatu-boot-anak-perempuan/?ajax=true&isFirstRequest=true&page=
fashion-sandal-jepit-anak-perempuan,/?ajax=true&isFirstRequest=true&page=,Sandal  Anak Perempuan,,https://www.lazada.co.id/fashion-sandal-jepit-anak-perempuan/?ajax=true&isFirstRequest=true&page=
sepatu-lace-ups-anak-perempuan,/?ajax=true&isFirstRequest=true&page=,Sepatu Formal  Anak Perempuan,,https://www.lazada.co.id/sepatu-lace-ups-anak-perempuan/?ajax=true&isFirstRequest=true&page=
fashion-aksesoris-sepatu-anak-perempuan,/?ajax=true&isFirstRequest=true&page=,Aksesoris Sepatu Anak Perempuan,,https://www.lazada.co.id/fashion-aksesoris-sepatu-anak-perempuan/?ajax=true&isFirstRequest=true&page=
sepatu-sneakers-anak-perempuan,/?ajax=true&isFirstRequest=true&page=,Sneaker  Anak Perempuan,,https://www.lazada.co.id/sepatu-sneakers-anak-perempuan/?ajax=true&isFirstRequest=true&page=
beli-tas-anak-tl,/?ajax=true&isFirstRequest=true&page=,Tas Anak,,https://www.lazada.co.id/beli-tas-anak-tl/?ajax=true&isFirstRequest=true&page=
beli-tas-bahu-anak,/?ajax=true&isFirstRequest=true&page=,Tas Bahu Anak,,https://www.lazada.co.id/beli-tas-bahu-anak/?ajax=true&isFirstRequest=true&page=
beli-ransel-troli-anak,/?ajax=true&isFirstRequest=true&page=,Ransel Troli Anak,,https://www.lazada.co.id/beli-ransel-troli-anak/?ajax=true&isFirstRequest=true&page=
beli-ransel-anak,/?ajax=true&isFirstRequest=true&page=,Ransel Anak,,https://www.lazada.co.id/beli-ransel-anak/?ajax=true&isFirstRequest=true&page=
beli-aksesoris-anak,/?ajax=true&isFirstRequest=true&page=,Aksesoris Tas Anak,,https://www.lazada.co.id/beli-aksesoris-anak/?ajax=true&isFirstRequest=true&page=
koper-anak-2,/?ajax=true&isFirstRequest=true&page=,Koper ,,https://www.lazada.co.id/koper-anak-2/?ajax=true&isFirstRequest=true&page=
beli-jam-tangan-anak,/?ajax=true&isFirstRequest=true&page=,Jam Tangan Anak,,https://www.lazada.co.id/beli-jam-tangan-anak/?ajax=true&isFirstRequest=true&page=
beli-perawatan-kulit,/?ajax=true&isFirstRequest=true&page=,Perawatan Kulit,,https://www.lazada.co.id/beli-perawatan-kulit/?ajax=true&isFirstRequest=true&page=
beli-serum-perawatan-wajah,/?ajax=true&isFirstRequest=true&page=,Serum Perawatan Wajah,,https://www.lazada.co.id/beli-serum-perawatan-wajah/?ajax=true&isFirstRequest=true&page=
beli-dermacare,/?ajax=true&isFirstRequest=true&page=,Dermacare,,https://www.lazada.co.id/beli-dermacare/?ajax=true&isFirstRequest=true&page=
shop-pelembab-wajah,/?ajax=true&isFirstRequest=true&page=,Pelembab Wajah,,https://www.lazada.co.id/shop-pelembab-wajah/?ajax=true&isFirstRequest=true&page=
pembersih-wajah,/?ajax=true&isFirstRequest=true&page=,Pembersih Wajah,,https://www.lazada.co.id/pembersih-wajah/?ajax=true&isFirstRequest=true&page=
beli-masker-wajah,/?ajax=true&isFirstRequest=true&page=,Masker Wajah,,https://www.lazada.co.id/beli-masker-wajah/?ajax=true&isFirstRequest=true&page=
beli-toner,/?ajax=true&isFirstRequest=true&page=,Toner,,https://www.lazada.co.id/beli-toner/?ajax=true&isFirstRequest=true&page=
beli-tabir-surya-aftersun,/?ajax=true&isFirstRequest=true&page=,Tabir Surya,,https://www.lazada.co.id/beli-tabir-surya-aftersun/?ajax=true&isFirstRequest=true&page=
beli-set-perawatan-wajah,/?ajax=true&isFirstRequest=true&page=,Set Perawatan Wajah,,https://www.lazada.co.id/beli-set-perawatan-wajah/?ajax=true&isFirstRequest=true&page=
beli-lip-balm-perawatan-bibir,/?ajax=true&isFirstRequest=true&page=,Pelembab & Perawatan Bibir,,https://www.lazada.co.id/beli-lip-balm-perawatan-bibir/?ajax=true&isFirstRequest=true&page=
beli-scrub-pengelupas-wajah,/?ajax=true&isFirstRequest=true&page=,Face Scrubs,,https://www.lazada.co.id/beli-scrub-pengelupas-wajah/?ajax=true&isFirstRequest=true&page=
shop-perawatan-mata,/?ajax=true&isFirstRequest=true&page=,Perawatan Mata,,https://www.lazada.co.id/shop-perawatan-mata/?ajax=true&isFirstRequest=true&page=
beli-makeup,/?ajax=true&isFirstRequest=true&page=,Makeup,,https://www.lazada.co.id/beli-makeup/?ajax=true&isFirstRequest=true&page=
beli-make-up-bibir,/?ajax=true&isFirstRequest=true&page=,Makeup Bibir,,https://www.lazada.co.id/beli-make-up-bibir/?ajax=true&isFirstRequest=true&page=
beli-lipstik,/?ajax=true&isFirstRequest=true&page=,Lipstik,,https://www.lazada.co.id/beli-lipstik/?ajax=true&isFirstRequest=true&page=
makeup-wajah,/?ajax=true&isFirstRequest=true&page=,Makeup Wajah,,https://www.lazada.co.id/makeup-wajah/?ajax=true&isFirstRequest=true&page=
beli-foundation,/?ajax=true&isFirstRequest=true&page=,Foundation,,https://www.lazada.co.id/beli-foundation/?ajax=true&isFirstRequest=true&page=
beli-mata,/?ajax=true&isFirstRequest=true&page=,Makeup Mata,,https://www.lazada.co.id/beli-mata/?ajax=true&isFirstRequest=true&page=
beli-maskara,/?ajax=true&isFirstRequest=true&page=,Maskara,,https://www.lazada.co.id/beli-maskara/?ajax=true&isFirstRequest=true&page=
beli-aksesoris-makeup,/?ajax=true&isFirstRequest=true&page=,Aksesoris Makeup,,https://www.lazada.co.id/beli-aksesoris-makeup/?ajax=true&isFirstRequest=true&page=
beli-kuas-aplikator,/?ajax=true&isFirstRequest=true&page=,Set Kuas & Kuas Makeup,,https://www.lazada.co.id/beli-kuas-aplikator/?ajax=true&isFirstRequest=true&page=
beli-perawatan-kuku,/?ajax=true&isFirstRequest=true&page=,Perawatan Kuku,,https://www.lazada.co.id/beli-perawatan-kuku/?ajax=true&isFirstRequest=true&page=
shop-palet-set-makeup,/?ajax=true&isFirstRequest=true&page=,Set Makeup & Palet,,https://www.lazada.co.id/shop-palet-set-makeup/?ajax=true&isFirstRequest=true&page=
beli-pembersih-makeup,/?ajax=true&isFirstRequest=true&page=,Pembersih Makeup,,https://www.lazada.co.id/beli-pembersih-makeup/?ajax=true&isFirstRequest=true&page=
beli-perawatan-rambut,/?ajax=true&isFirstRequest=true&page=,Perawatan Rambut,,https://www.lazada.co.id/beli-perawatan-rambut/?ajax=true&isFirstRequest=true&page=
beli-sampo,/?ajax=true&isFirstRequest=true&page=,Shampo,,https://www.lazada.co.id/beli-sampo/?ajax=true&isFirstRequest=true&page=
perawatan-intensif,/?ajax=true&isFirstRequest=true&page=,Perawatan Rambut,,https://www.lazada.co.id/perawatan-intensif/?ajax=true&isFirstRequest=true&page=
aksesoris-perawatan-rambut,/?ajax=true&isFirstRequest=true&page=,Aksesoris Rambut,,https://www.lazada.co.id/aksesoris-perawatan-rambut/?ajax=true&isFirstRequest=true&page=
beli-styling-rambut,/?ajax=true&isFirstRequest=true&page=,Styling Rambut,,https://www.lazada.co.id/beli-styling-rambut/?ajax=true&isFirstRequest=true&page=
beli-cat-rambut,/?ajax=true&isFirstRequest=true&page=,Pewarna Rambut,,https://www.lazada.co.id/beli-cat-rambut/?ajax=true&isFirstRequest=true&page=
beli-kondisioner,/?ajax=true&isFirstRequest=true&page=,Kondisioner,,https://www.lazada.co.id/beli-kondisioner/?ajax=true&isFirstRequest=true&page=
beli-paket-hadiah-bingkisan-perawatan-rambut,/?ajax=true&isFirstRequest=true&page=,Paket Hadiah Perawatan Rambut,,https://www.lazada.co.id/beli-paket-hadiah-bingkisan-perawatan-rambut/?ajax=true&isFirstRequest=true&page=
beli-perlengkapan-mandi-tubuh,/?ajax=true&isFirstRequest=true&page=,Perawatan Tubuh,,https://www.lazada.co.id/beli-perlengkapan-mandi-tubuh/?ajax=true&isFirstRequest=true&page=
beli-losion-krim-tubuh,/?ajax=true&isFirstRequest=true&page=,Losion Tubuh,,https://www.lazada.co.id/beli-losion-krim-tubuh/?ajax=true&isFirstRequest=true&page=
shop-Sabun-Cair,/?ajax=true&isFirstRequest=true&page=,Sabun Cair,,https://www.lazada.co.id/shop-Sabun-Cair/?ajax=true&isFirstRequest=true&page=
beli-scrub-tubuh,/?ajax=true&isFirstRequest=true&page=,Srub Tubuh,,https://www.lazada.co.id/beli-scrub-tubuh/?ajax=true&isFirstRequest=true&page=
perawatan-payudara,/?ajax=true&isFirstRequest=true&page=,Perawatan Payudara,,https://www.lazada.co.id/perawatan-payudara/?ajax=true&isFirstRequest=true&page=
shop-Perawatan-Tubuh,/?ajax=true&isFirstRequest=true&page=,Perawatan Tubuh,,https://www.lazada.co.id/shop-Perawatan-Tubuh/?ajax=true&isFirstRequest=true&page=
beli-perawatan-kaki,/?ajax=true&isFirstRequest=true&page=,Perawatan Kaki,,https://www.lazada.co.id/beli-perawatan-kaki/?ajax=true&isFirstRequest=true&page=
shop-Sabun-Batang,/?ajax=true&isFirstRequest=true&page=,Sabun Batang,,https://www.lazada.co.id/shop-Sabun-Batang/?ajax=true&isFirstRequest=true&page=
beli-aksesoris-perlengkapan-mandi-tubuh,/?ajax=true&isFirstRequest=true&page=,Aksesoris Tubuh,,https://www.lazada.co.id/beli-aksesoris-perlengkapan-mandi-tubuh/?ajax=true&isFirstRequest=true&page=
beli-paket-hadiah-bingkisan-alat-mandi-tubuh,/?ajax=true&isFirstRequest=true&page=,Paket Hadiah Perawatan Rambut,,https://www.lazada.co.id/beli-paket-hadiah-bingkisan-alat-mandi-tubuh/?ajax=true&isFirstRequest=true&page=
beli-perontok-rambut,/?ajax=true&isFirstRequest=true&page=,Penghilang Bulu,,https://www.lazada.co.id/beli-perontok-rambut/?ajax=true&isFirstRequest=true&page=
beli-sabun-pembersih-tangan,/?ajax=true&isFirstRequest=true&page=,Sabun Tangan,,https://www.lazada.co.id/beli-sabun-pembersih-tangan/?ajax=true&isFirstRequest=true&page=
beli-perawatan-kesehatan-pribadi,/?ajax=true&isFirstRequest=true&page=,Perawatan Diri,,https://www.lazada.co.id/beli-perawatan-kesehatan-pribadi/?ajax=true&isFirstRequest=true&page=
perawatan-mulut,/?ajax=true&isFirstRequest=true&page=,Perawatan Mulut,,https://www.lazada.co.id/perawatan-mulut/?ajax=true&isFirstRequest=true&page=
beli-pembersih-wanita,/?ajax=true&isFirstRequest=true&page=,Pembersih Wanita,,https://www.lazada.co.id/beli-pembersih-wanita/?ajax=true&isFirstRequest=true&page=
beli-keamanan-diri,/?ajax=true&isFirstRequest=true&page=,Keamanan Diri,,https://www.lazada.co.id/beli-keamanan-diri/?ajax=true&isFirstRequest=true&page=
beli-deodoran,/?ajax=true&isFirstRequest=true&page=,Beli Deodoran,,https://www.lazada.co.id/beli-deodoran/?ajax=true&isFirstRequest=true&page=
shop-perawatan-optik-pribadi,/?ajax=true&isFirstRequest=true&page=,Perawatan Mata,,https://www.lazada.co.id/shop-perawatan-optik-pribadi/?ajax=true&isFirstRequest=true&page=
shop-Obat-Anti-Serangga,/?ajax=true&isFirstRequest=true&page=,Obat Anti Serangga,,https://www.lazada.co.id/shop-Obat-Anti-Serangga/?ajax=true&isFirstRequest=true&page=
beli-parfum,/?ajax=true&isFirstRequest=true&page=,Parfum,,https://www.lazada.co.id/beli-parfum/?ajax=true&isFirstRequest=true&page=
beli-parfum-pria,/?ajax=true&isFirstRequest=true&page=,Parfum Pria,,https://www.lazada.co.id/beli-parfum-pria/?ajax=true&isFirstRequest=true&page=
beli-parfum-wanita,/?ajax=true&isFirstRequest=true&page=,Parfum Wanita,,https://www.lazada.co.id/beli-parfum-wanita/?ajax=true&isFirstRequest=true&page=
beli-parfum-unisex,/?ajax=true&isFirstRequest=true&page=,Parfum Unisex,,https://www.lazada.co.id/beli-parfum-unisex/?ajax=true&isFirstRequest=true&page=
beli-alat-kesehatan-kecantikan,/?ajax=true&isFirstRequest=true&page=,Alat Kecantikan,,https://www.lazada.co.id/beli-alat-kesehatan-kecantikan/?ajax=true&isFirstRequest=true&page=
alat-pelangsing-dan-pemijat-elektrik,/?ajax=true&isFirstRequest=true&page=,Alat Pelangsing & Pijat,,https://www.lazada.co.id/alat-pelangsing-dan-pemijat-elektrik/?ajax=true&isFirstRequest=true&page=
beli-sauna-portabel,/?ajax=true&isFirstRequest=true&page=,Sauna Portabel,,https://www.lazada.co.id/beli-sauna-portabel/?ajax=true&isFirstRequest=true&page=
beli-foot-relief,/?ajax=true&isFirstRequest=true&page=,Foot Relief,,https://www.lazada.co.id/beli-foot-relief/?ajax=true&isFirstRequest=true&page=
aksesoris-alat-cukur-dan-trimmer,/?ajax=true&isFirstRequest=true&page=,Alat Cukur & Trimmer,,https://www.lazada.co.id/aksesoris-alat-cukur-dan-trimmer/?ajax=true&isFirstRequest=true&page=
shop-alat-perawatan-kulit-wajah,/?ajax=true&isFirstRequest=true&page=,Alat Perawatan Wajah,,https://www.lazada.co.id/shop-alat-perawatan-kulit-wajah/?ajax=true&isFirstRequest=true&page=
shop-alat-perawatan-kulit-tubuh,/?ajax=true&isFirstRequest=true&page=,Alat Perawatan Tubuh,,https://www.lazada.co.id/shop-alat-perawatan-kulit-tubuh/?ajax=true&isFirstRequest=true&page=
beli-suplemen-makanan,/?ajax=true&isFirstRequest=true&page=,Suplemen Makanan,,https://www.lazada.co.id/beli-suplemen-makanan/?ajax=true&isFirstRequest=true&page=
beli-pengatur-berat-badan,/?ajax=true&isFirstRequest=true&page=,Pengatur Berat Badan,,https://www.lazada.co.id/beli-pengatur-berat-badan/?ajax=true&isFirstRequest=true&page=
beli-pembakar-lemak,/?ajax=true&isFirstRequest=true&page=,Pembakar Lemak,,https://www.lazada.co.id/beli-pembakar-lemak/?ajax=true&isFirstRequest=true&page=
beli-minuman-pelangsing,/?ajax=true&isFirstRequest=true&page=,Minuman Pelangsing,,https://www.lazada.co.id/beli-minuman-pelangsing/?ajax=true&isFirstRequest=true&page=
beli-suplemen-kecantikan,/?ajax=true&isFirstRequest=true&page=,Suplemen Kecantikan,,https://www.lazada.co.id/beli-suplemen-kecantikan/?ajax=true&isFirstRequest=true&page=
beli-suplemen-pemutih,/?ajax=true&isFirstRequest=true&page=,Suplemen Pemutih,,https://www.lazada.co.id/beli-suplemen-pemutih/?ajax=true&isFirstRequest=true&page=
multivitamin,/?ajax=true&isFirstRequest=true&page=,Multivitamin,,https://www.lazada.co.id/multivitamin/?ajax=true&isFirstRequest=true&page=
beli-obat-obatan-tradisional,/?ajax=true&isFirstRequest=true&page=,Obat Tradisional,,https://www.lazada.co.id/beli-obat-obatan-tradisional/?ajax=true&isFirstRequest=true&page=
beli-sistem-imun,/?ajax=true&isFirstRequest=true&page=,Sistem Imun,,https://www.lazada.co.id/beli-sistem-imun/?ajax=true&isFirstRequest=true&page=
beli-nutrisi-olahraga,/?ajax=true&isFirstRequest=true&page=,Nutrisi Olahraga,,https://www.lazada.co.id/beli-nutrisi-olahraga/?ajax=true&isFirstRequest=true&page=
beli-suplemen-penambah-berat-badan,/?ajax=true&isFirstRequest=true&page=,Penambah Berat Badan,,https://www.lazada.co.id/beli-suplemen-penambah-berat-badan/?ajax=true&isFirstRequest=true&page=
beli-protein,/?ajax=true&isFirstRequest=true&page=,Protein,,https://www.lazada.co.id/beli-protein/?ajax=true&isFirstRequest=true&page=
beli-alat-medis,/?ajax=true&isFirstRequest=true&page=,Alat Medis,,https://www.lazada.co.id/beli-alat-medis/?ajax=true&isFirstRequest=true&page=
beli-alat-tes-kesehatan,/?ajax=true&isFirstRequest=true&page=,Alat Tes Kesehatan,,https://www.lazada.co.id/beli-alat-tes-kesehatan/?ajax=true&isFirstRequest=true&page=
shop-over-the-counter-medicine,/?ajax=true&isFirstRequest=true&page=,Obat - Obatan,,https://www.lazada.co.id/shop-over-the-counter-medicine/?ajax=true&isFirstRequest=true&page=
beli-p3k,/?ajax=true&isFirstRequest=true&page=,P3K,,https://www.lazada.co.id/beli-p3k/?ajax=true&isFirstRequest=true&page=
beli-kondom,/?ajax=true&isFirstRequest=true&page=,Kondom,,https://www.lazada.co.id/beli-kondom/?ajax=true&isFirstRequest=true&page=
beli-pelumas,/?ajax=true&isFirstRequest=true&page=,Pelumas,,https://www.lazada.co.id/beli-pelumas/?ajax=true&isFirstRequest=true&page=
beli-perawatan-kulit-pria,/?ajax=true&isFirstRequest=true&page=,Peralatan Wajah Pria,,https://www.lazada.co.id/beli-perawatan-kulit-pria/?ajax=true&isFirstRequest=true&page=
beli-alat-cukur-pria,/?ajax=true&isFirstRequest=true&page=,Alat Cukur Pria,,https://www.lazada.co.id/beli-alat-cukur-pria/?ajax=true&isFirstRequest=true&page=
beli-deodoran-pria,/?ajax=true&isFirstRequest=true&page=,Deodoran Pria,,https://www.lazada.co.id/beli-deodoran-pria/?ajax=true&isFirstRequest=true&page=
beli-perawatan-rambut-pria,/?ajax=true&isFirstRequest=true&page=,Perawatan Rambut Pria,,https://www.lazada.co.id/beli-perawatan-rambut-pria/?ajax=true&isFirstRequest=true&page=
jual-perlengkapan-bayi-balita,/?ajax=true&isFirstRequest=true&page=,Perlengkapan Bayi,,https://www.lazada.co.id/jual-perlengkapan-bayi-balita/?ajax=true&isFirstRequest=true&page=
beli-popok-sekali-pakai,/?ajax=true&isFirstRequest=true&page=,Popok Sekali Pakai,,https://www.lazada.co.id/beli-popok-sekali-pakai/?ajax=true&isFirstRequest=true&page=
jual-susu-batita-1-3-tahun,/?ajax=true&isFirstRequest=true&page=,Susu Batita,,https://www.lazada.co.id/jual-susu-batita-1-3-tahun/?ajax=true&isFirstRequest=true&page=
beli-susu-pertumbuhan-1-3-tahun,/?ajax=true&isFirstRequest=true&page=,Susu Pertumbuhan,,https://www.lazada.co.id/beli-susu-pertumbuhan-1-3-tahun/?ajax=true&isFirstRequest=true&page=
beli-pakaian-bayi-perempuan,/?ajax=true&isFirstRequest=true&page=,Pakaian Bayi Perempuan,,https://www.lazada.co.id/beli-pakaian-bayi-perempuan/?ajax=true&isFirstRequest=true&page=
beli-pakaian-bayi-laki-laki,/?ajax=true&isFirstRequest=true&page=,Pakaian Bayi Laki Laki ,,https://www.lazada.co.id/beli-pakaian-bayi-laki-laki/?ajax=true&isFirstRequest=true&page=
beli-botol-bayi,/?ajax=true&isFirstRequest=true&page=,Botol Bayi,,https://www.lazada.co.id/beli-botol-bayi/?ajax=true&isFirstRequest=true&page=
beli-kereta-dorong-bayi,/?ajax=true&isFirstRequest=true&page=,Stroller,,https://www.lazada.co.id/beli-kereta-dorong-bayi/?ajax=true&isFirstRequest=true&page=
beli-susu-formula,/?ajax=true&isFirstRequest=true&page=,Makanan Bayi & Balita,,https://www.lazada.co.id/beli-susu-formula/?ajax=true&isFirstRequest=true&page=
beli-makanan-bayi,/?ajax=true&isFirstRequest=true&page=,Perlengkapan Menyusui,,https://www.lazada.co.id/beli-makanan-bayi/?ajax=true&isFirstRequest=true&page=
jual-perlengkapan-kamar-bayi,/?ajax=true&isFirstRequest=true&page=,Kamar Bayi,,https://www.lazada.co.id/jual-perlengkapan-kamar-bayi/?ajax=true&isFirstRequest=true&page=
beli-perlengkapan-mandi-perawatan-kulit-anak,/?ajax=true&isFirstRequest=true&page=,Perawatan Bayi,,https://www.lazada.co.id/beli-perlengkapan-mandi-perawatan-kulit-anak/?ajax=true&isFirstRequest=true&page=
beli-mainan-anak,/?ajax=true&isFirstRequest=true&page=,Mainan Bayi,,https://www.lazada.co.id/beli-mainan-anak/?ajax=true&isFirstRequest=true&page=
beli-olahraga-permainan-luar-ruangan,/?ajax=true&isFirstRequest=true&page=,Mainan Olahraga Bayi,,https://www.lazada.co.id/beli-olahraga-permainan-luar-ruangan/?ajax=true&isFirstRequest=true&page=
beli-tv-audio-video-permainan-dan-gadget,/?ajax=true&isFirstRequest=true&page=,TV dan Perangkat Video,,https://www.lazada.co.id/beli-tv-audio-video-permainan-dan-gadget/?ajax=true&isFirstRequest=true&page=
beli-smart-tv,/?ajax=true&isFirstRequest=true&page=,Smart TV,,https://www.lazada.co.id/beli-smart-tv/?ajax=true&isFirstRequest=true&page=
beli-proyektor-3,/?ajax=true&isFirstRequest=true&page=,Proyektor,,https://www.lazada.co.id/beli-proyektor-3/?ajax=true&isFirstRequest=true&page=
beli-rice-cooker,/?ajax=true&isFirstRequest=true&page=,Rice Cooker,,https://www.lazada.co.id/beli-rice-cooker/?ajax=true&isFirstRequest=true&page=
beli-blender-mixer-juicer,/?ajax=true&isFirstRequest=true&page=,Blender & Mixer,,https://www.lazada.co.id/beli-blender-mixer-juicer/?ajax=true&isFirstRequest=true&page=
beli-juicer-pengekstrak-buah,/?ajax=true&isFirstRequest=true&page=,Juicer,,https://www.lazada.co.id/beli-juicer-pengekstrak-buah/?ajax=true&isFirstRequest=true&page=
beli-mesin-kopi,/?ajax=true&isFirstRequest=true&page=,Mesin Kopi,,https://www.lazada.co.id/beli-mesin-kopi/?ajax=true&isFirstRequest=true&page=
beli-air-fryers,/?ajax=true&isFirstRequest=true&page=,Air Fryer,,https://www.lazada.co.id/beli-air-fryers/?ajax=true&isFirstRequest=true&page=
beli-kompor-gas,/?ajax=true&isFirstRequest=true&page=,Kompor Gas,,https://www.lazada.co.id/beli-kompor-gas/?ajax=true&isFirstRequest=true&page=
shop-ska-lainnya,/?ajax=true&isFirstRequest=true&page=,Peralatan Dapur Lainnya,,https://www.lazada.co.id/shop-ska-lainnya/?ajax=true&isFirstRequest=true&page=
beli-mesin-cuci,/?ajax=true&isFirstRequest=true&page=,Mesin Cuci,,https://www.lazada.co.id/beli-mesin-cuci/?ajax=true&isFirstRequest=true&page=
beli-lemari-es,/?ajax=true&isFirstRequest=true&page=,Kulkas,,https://www.lazada.co.id/beli-lemari-es/?ajax=true&isFirstRequest=true&page=
beli-microwave,/?ajax=true&isFirstRequest=true&page=,Microwave,,https://www.lazada.co.id/beli-microwave/?ajax=true&isFirstRequest=true&page=
beli-ovens,/?ajax=true&isFirstRequest=true&page=,Oven,,https://www.lazada.co.id/beli-ovens/?ajax=true&isFirstRequest=true&page=
beli-dispenser-air,/?ajax=true&isFirstRequest=true&page=,Dispenser Air Minum,,https://www.lazada.co.id/beli-dispenser-air/?ajax=true&isFirstRequest=true&page=
beli-ac,/?ajax=true&isFirstRequest=true&page=,AC,,https://www.lazada.co.id/beli-ac/?ajax=true&isFirstRequest=true&page=
beli-pemanas-air,/?ajax=true&isFirstRequest=true&page=,Pemanas Air,,https://www.lazada.co.id/beli-pemanas-air/?ajax=true&isFirstRequest=true&page=
shop-kipas,/?ajax=true&isFirstRequest=true&page=,Kipas Angin,,https://www.lazada.co.id/shop-kipas/?ajax=true&isFirstRequest=true&page=
beli-penjernih-udara-2,/?ajax=true&isFirstRequest=true&page=,Air Purifier,,https://www.lazada.co.id/beli-penjernih-udara-2/?ajax=true&isFirstRequest=true&page=
beli-humidifier,/?ajax=true&isFirstRequest=true&page=,Humidifier,,https://www.lazada.co.id/beli-humidifier/?ajax=true&isFirstRequest=true&page=
shop-penyedot-debu,/?ajax=true&isFirstRequest=true&page=,Penghisap Debu,,https://www.lazada.co.id/shop-penyedot-debu/?ajax=true&isFirstRequest=true&page=
beli-pengering-rambut,/?ajax=true&isFirstRequest=true&page=,Hair Dryer,,https://www.lazada.co.id/beli-pengering-rambut/?ajax=true&isFirstRequest=true&page=
beli-shaver,/?ajax=true&isFirstRequest=true&page=,Alat Cukur,,https://www.lazada.co.id/beli-shaver/?ajax=true&isFirstRequest=true&page=
jual-tv-receiver,/?ajax=true&isFirstRequest=true&page=,TV Box,,https://www.lazada.co.id/jual-tv-receiver/?ajax=true&isFirstRequest=true&page=
jual-antena-tv,/?ajax=true&isFirstRequest=true&page=,Antena TV,,https://www.lazada.co.id/jual-antena-tv/?ajax=true&isFirstRequest=true&page=
jual-remote-control-tv,/?ajax=true&isFirstRequest=true&page=,Remote Control TV,,https://www.lazada.co.id/jual-remote-control-tv/?ajax=true&isFirstRequest=true&page=
jual-kacamata-3d-tv,/?ajax=true&isFirstRequest=true&page=,Kacamata 3D,,https://www.lazada.co.id/jual-kacamata-3d-tv/?ajax=true&isFirstRequest=true&page=
jual-home-entertainment,/?ajax=true&isFirstRequest=true&page=,Home Entertainment,,https://www.lazada.co.id/jual-home-entertainment/?ajax=true&isFirstRequest=true&page=
beli-dekorasi-rumah/,/?ajax=true&isFirstRequest=true&page=,Dekorasi Rumah,,https://www.lazada.co.id/beli-dekorasi-rumah//?ajax=true&isFirstRequest=true&page=
beli-furnitur,/?ajax=true&isFirstRequest=true&page=,Furnitur,,https://www.lazada.co.id/beli-furnitur/?ajax=true&isFirstRequest=true&page=
beli-peralatan-ranjang,/?ajax=true&isFirstRequest=true&page=,Kelengkapan Tempat Tidur,,https://www.lazada.co.id/beli-peralatan-ranjang/?ajax=true&isFirstRequest=true&page=
penerangan,/?ajax=true&isFirstRequest=true&page=,Penerangan,,https://www.lazada.co.id/penerangan/?ajax=true&isFirstRequest=true&page=
beli-peralatan-mandi,/?ajax=true&isFirstRequest=true&page=,Peralatan Mandi,,https://www.lazada.co.id/beli-peralatan-mandi/?ajax=true&isFirstRequest=true&page=
beli-perlengkapan-dapur-makan,/?ajax=true&isFirstRequest=true&page=,Alat Dapur,,https://www.lazada.co.id/beli-perlengkapan-dapur-makan/?ajax=true&isFirstRequest=true&page=
beli-binatu-kebersihan,/?ajax=true&isFirstRequest=true&page=,Binatu & Alat Kebersihan,,https://www.lazada.co.id/beli-binatu-kebersihan/?ajax=true&isFirstRequest=true&page=
beli-perawatan-rumah,/?ajax=true&isFirstRequest=true&page=,Perkakas & Perbaikan Rumah,,https://www.lazada.co.id/beli-perawatan-rumah/?ajax=true&isFirstRequest=true&page=
beli-alat-tulis-kerajinan,/?ajax=true&isFirstRequest=true&page=,Alat Tulis & Kerajinan,,https://www.lazada.co.id/beli-alat-tulis-kerajinan/?ajax=true&isFirstRequest=true&page=
beli-media-musik-dan-buku,/?ajax=true&isFirstRequest=true&page=,"Media, Musik & Buku",,https://www.lazada.co.id/beli-media-musik-dan-buku/?ajax=true&isFirstRequest=true&page=
beli-minuman,/?ajax=true&isFirstRequest=true&page=,Minuman,,https://www.lazada.co.id/beli-minuman/?ajax=true&isFirstRequest=true&page=
beli-kopi,/?ajax=true&isFirstRequest=true&page=,Kopi,,https://www.lazada.co.id/beli-kopi/?ajax=true&isFirstRequest=true&page=
beli-teh,/?ajax=true&isFirstRequest=true&page=,Teh,,https://www.lazada.co.id/beli-teh/?ajax=true&isFirstRequest=true&page=
shop-Minuman-Olahraga-Energi/,/?ajax=true&isFirstRequest=true&page=,Minuman Berenegeri,,https://www.lazada.co.id/shop-Minuman-Olahraga-Energi//?ajax=true&isFirstRequest=true&page=
shop-Bahan-Utama-Pelengkap-Masakan,/?ajax=true&isFirstRequest=true&page=,Bahan & Bumbu Masakan,,https://www.lazada.co.id/shop-Bahan-Utama-Pelengkap-Masakan/?ajax=true&isFirstRequest=true&page=
shop-Cokelat-Camilan-Permen,/?ajax=true&isFirstRequest=true&page=,"Cokelat, Camilan, & Permen",,https://www.lazada.co.id/shop-Cokelat-Camilan-Permen/?ajax=true&isFirstRequest=true&page=
beli-makanan-sarapan,/?ajax=true&isFirstRequest=true&page=,"Makanan Sarapan, Sereal",,https://www.lazada.co.id/beli-makanan-sarapan/?ajax=true&isFirstRequest=true&page=
beli-makanan-minuman-hasil-segar,/?ajax=true&isFirstRequest=true&page=,Buah & Sayur,,https://www.lazada.co.id/beli-makanan-minuman-hasil-segar/?ajax=true&isFirstRequest=true&page=
shop-kebutuhan-rumah-tangga,/?ajax=true&isFirstRequest=true&page=,Kebutuhan Rumah Tangga,,https://www.lazada.co.id/shop-kebutuhan-rumah-tangga/?ajax=true&isFirstRequest=true&page=
shop-makanan-hewan,/?ajax=true&isFirstRequest=true&page=,Makanan Hewan Peliharaan,,https://www.lazada.co.id/shop-makanan-hewan/?ajax=true&isFirstRequest=true&page=
shop-aksesoris-hewan,/?ajax=true&isFirstRequest=true&page=,Aksesoris Hewan Peliharaan,,https://www.lazada.co.id/shop-aksesoris-hewan/?ajax=true&isFirstRequest=true&page=
shop-kesehatan-hewan-peliharaan,/?ajax=true&isFirstRequest=true&page=,Kesehatan Hewan Peliharaan,,https://www.lazada.co.id/shop-kesehatan-hewan-peliharaan/?ajax=true&isFirstRequest=true&page=
shop-perawatan-udara,/?ajax=true&isFirstRequest=true&page=,Pengharum Ruangan,,https://www.lazada.co.id/shop-perawatan-udara/?ajax=true&isFirstRequest=true&page=
beli-makanan-minuman-pembersihan,/?ajax=true&isFirstRequest=true&page=,Kebutuhan Kebersihan,,https://www.lazada.co.id/beli-makanan-minuman-pembersihan/?ajax=true&isFirstRequest=true&page=
beli-makanan-minuman-mencuci-piring,/?ajax=true&isFirstRequest=true&page=,Sabun Pencuci Piring,,https://www.lazada.co.id/beli-makanan-minuman-mencuci-piring/?ajax=true&isFirstRequest=true&page=
beli-makanan-minuman-cucian,/?ajax=true&isFirstRequest=true&page=,Kebutuhan Laundry,,https://www.lazada.co.id/beli-makanan-minuman-cucian/?ajax=true&isFirstRequest=true&page=
baju-olahraga-pria,/?ajax=true&isFirstRequest=true&page=,Baju Olahraga Pria,,https://www.lazada.co.id/baju-olahraga-pria/?ajax=true&isFirstRequest=true&page=
pakaian-olahraga-wanita,/?ajax=true&isFirstRequest=true&page=,Baju Olahraga Wanita,,https://www.lazada.co.id/pakaian-olahraga-wanita/?ajax=true&isFirstRequest=true&page=
sepatu-dan-pakaian-olahraga-pria,/?ajax=true&isFirstRequest=true&page=,Sepatu Olahraga PRia,,https://www.lazada.co.id/sepatu-dan-pakaian-olahraga-pria/?ajax=true&isFirstRequest=true&page=
sepatu-dan-pakaian-olahraga-wanita,/?ajax=true&isFirstRequest=true&page=,Sepatu Olahraga Wanita,,https://www.lazada.co.id/sepatu-dan-pakaian-olahraga-wanita/?ajax=true&isFirstRequest=true&page=
camping-dan-hiking,/?ajax=true&isFirstRequest=true&page=,Camping & Hiking,,https://www.lazada.co.id/camping-dan-hiking/?ajax=true&isFirstRequest=true&page=
jual-peralatan-memancing,/?ajax=true&isFirstRequest=true&page=,Peralatan Memancing,,https://www.lazada.co.id/jual-peralatan-memancing/?ajax=true&isFirstRequest=true&page=
olahraga-sepeda,/?ajax=true&isFirstRequest=true&page=,Olahraga Sepeda,,https://www.lazada.co.id/olahraga-sepeda/?ajax=true&isFirstRequest=true&page=
olahraga-air,/?ajax=true&isFirstRequest=true&page=,Olahraga Air,,https://www.lazada.co.id/olahraga-air/?ajax=true&isFirstRequest=true&page=
latihan-dan-fitness,/?ajax=true&isFirstRequest=true&page=,"Gym, Yoga, & Fitness",,https://www.lazada.co.id/latihan-dan-fitness/?ajax=true&isFirstRequest=true&page=
shop-perlengkapan-olah-raga,/?ajax=true&isFirstRequest=true&page=,Perlengkapan Olahraga,,https://www.lazada.co.id/shop-perlengkapan-olah-raga/?ajax=true&isFirstRequest=true&page=
sepak-bola,/?ajax=true&isFirstRequest=true&page=,Perlengkapan Sepak Bola,,https://www.lazada.co.id/sepak-bola/?ajax=true&isFirstRequest=true&page=
tenis-meja,/?ajax=true&isFirstRequest=true&page=,Tenis Meja,,https://www.lazada.co.id/tenis-meja/?ajax=true&isFirstRequest=true&page=
bulutangkis,/?ajax=true&isFirstRequest=true&page=,Badminton,,https://www.lazada.co.id/bulutangkis/?ajax=true&isFirstRequest=true&page=
tenis,/?ajax=true&isFirstRequest=true&page=,Tennis,,https://www.lazada.co.id/tenis/?ajax=true&isFirstRequest=true&page=
shop-auto-parts-spares,/?ajax=true&isFirstRequest=true&page=,Suku Cadang & Peralatan Mobil,,https://www.lazada.co.id/shop-auto-parts-spares/?ajax=true&isFirstRequest=true&page=
aksesoris-interior-mobil,/?ajax=true&isFirstRequest=true&page=,Aksesoris Interior Mobil,,https://www.lazada.co.id/aksesoris-interior-mobil/?ajax=true&isFirstRequest=true&page=
aksesoris-eksterior-mobil,/?ajax=true&isFirstRequest=true&page=,Aksesoris Exterior Mobil,,https://www.lazada.co.id/aksesoris-eksterior-mobil/?ajax=true&isFirstRequest=true&page=
shop-elektronik,/?ajax=true&isFirstRequest=true&page=,"Kamera Mobil, Audio & Video",,https://www.lazada.co.id/shop-elektronik/?ajax=true&isFirstRequest=true&page=
shop-perawatan-mobil,/?ajax=true&isFirstRequest=true&page=,Perawatan & Pengkilat Mobil,,https://www.lazada.co.id/shop-perawatan-mobil/?ajax=true&isFirstRequest=true&page=
roda-dan-ban,/?ajax=true&isFirstRequest=true&page=,Ban & Velg Mobil,,https://www.lazada.co.id/roda-dan-ban/?ajax=true&isFirstRequest=true&page=
oli-dan-pelumas,/?ajax=true&isFirstRequest=true&page=,Oli & Cairan Mobil,,https://www.lazada.co.id/oli-dan-pelumas/?ajax=true&isFirstRequest=true&page=
shop-motorcycle-riding-gear,/?ajax=true&isFirstRequest=true&page=,Perlengkapan Berkendara,,https://www.lazada.co.id/shop-motorcycle-riding-gear/?ajax=true&isFirstRequest=true&page=
shop-motorcycle-exterior-accessories,/?ajax=true&isFirstRequest=true&page=,Aksesoris & Elektronik Motor,,https://www.lazada.co.id/shop-motorcycle-exterior-accessories/?ajax=true&isFirstRequest=true&page=
shop-motorcycle-oils-fluids,/?ajax=true&isFirstRequest=true&page=,"Ban, Velg & Oli Motor",,https://www.lazada.co.id/shop-motorcycle-oils-fluids/?ajax=true&isFirstRequest=true&page=