Category,url
Perlengkapan Kamar Tidur,https://www.bukalapak.com/c/aksesoris-rumah-7354/perlengkapan-kamar-tidur-7357
Dekorasi,https://www.bukalapak.com/c/aksesoris-rumah-7354/dekorasi-7360
Peralatan Makan Minum,https://www.bukalapak.com/c/aksesoris-rumah-7354/peralatan-makan-minum-7363
Lampu,https://www.bukalapak.com/c/aksesoris-rumah-7354/lampu-7366
Peralatan Dapur,https://www.bukalapak.com/c/aksesoris-rumah-7354/peralatan-dapur-7369
Tempat Penyimpanan,https://www.bukalapak.com/c/aksesoris-rumah-7354/tempat-penyimpanan-7372
Tanaman Hias Vas,https://www.bukalapak.com/c/aksesoris-rumah-7354/tanaman-hias-vas-7375
Perkakas Rumah Tangga,https://www.bukalapak.com/c/aksesoris-rumah-7354/perkakas-rumah-tangga-7378
Cermin,https://www.bukalapak.com/c/aksesoris-rumah-7354/cermin-7381
Gorden Aksesoris,https://www.bukalapak.com/c/aksesoris-rumah-7354/gorden-aksesoris-7384
Tekstil,https://www.bukalapak.com/c/aksesoris-rumah-7354/tekstil
Walkie Talkie,https://www.bukalapak.com/c/elektronik/walkie-talkie
Media Player Set Top Box,https://www.bukalapak.com/c/elektronik/media-player-set-top-box
Komponen Elektronik,https://www.bukalapak.com/c/elektronik/komponen-elektronik
Aksesoris Tv Video,https://www.bukalapak.com/c/elektronik/aksesoris-tv-video
Voice Recorder,https://www.bukalapak.com/c/elektronik/voice-recorder
Elektronik Dapur,https://www.bukalapak.com/c/elektronik/elektronik-dapur
Humidifier Dehumidifier,https://www.bukalapak.com/c/elektronik/humidifier-dehumidifier
Air Purifier,https://www.bukalapak.com/c/elektronik/air-purifier
Elektronik Audio,https://www.bukalapak.com/c/elektronik/elektronik-audio
Televisi,https://www.bukalapak.com/c/elektronik/televisi
Cd Vcd Dvd Blu Ray Player,https://www.bukalapak.com/c/elektronik/cd-vcd-dvd-blu-ray-player
Home Theater,https://www.bukalapak.com/c/elektronik/home-theater
Portable Audio Player,https://www.bukalapak.com/c/elektronik/portable-audio-player
Proyektor,https://www.bukalapak.com/c/elektronik/proyektor
Radio Tape,https://www.bukalapak.com/c/elektronik/radio-tape
Baterai,https://www.bukalapak.com/c/elektronik/baterai-681
Gps,https://www.bukalapak.com/c/elektronik/gps
Elektronik Lainnya,https://www.bukalapak.com/c/elektronik/elektronik-lainnya
Mesin Jahit,https://www.bukalapak.com/c/elektronik/mesin-jahit
Kulkas Showcase,https://www.bukalapak.com/c/elektronik/kulkas-showcase
Ac,https://www.bukalapak.com/c/elektronik/ac
Mesin Cuci,https://www.bukalapak.com/c/elektronik/mesin-cuci
Dispenser,https://www.bukalapak.com/c/elektronik/dispenser
Vacuum Cleaner,https://www.bukalapak.com/c/elektronik/vacuum-cleaner
Setrika Steamer,https://www.bukalapak.com/c/elektronik/setrika-steamer
Stop Kontak,https://www.bukalapak.com/c/elektronik/stop-kontak
Kipas Angin,https://www.bukalapak.com/c/elektronik/kipas-angin
Lampu Alat Penerangan,https://www.bukalapak.com/c/elektronik/lampu-alat-penerangan
Telepon,https://www.bukalapak.com/c/elektronik/telepon
Grosir Elektronik,https://www.bukalapak.com/c/elektronik/grosir-elektronik
Voucher Makanan,https://www.bukalapak.com/c/evoucher/voucher-makanan
Voucher Hotel Travel,https://www.bukalapak.com/c/evoucher/voucher-hotel-travel
Aplikasi Hiburan,https://www.bukalapak.com/c/evoucher/aplikasi-hiburan
Streaming Voucher,https://www.bukalapak.com/c/evoucher/streaming-voucher
Voucher Belanja,https://www.bukalapak.com/c/evoucher/voucher-belanja
Jasa Layanan,https://www.bukalapak.com/c/e-voucher/jasa-layanan
Software Aplikasi,https://www.bukalapak.com/c/evoucher/software-aplikasi
Kode Voucher,https://www.bukalapak.com/c/evoucher/kode-voucher
Pulsa Paket Data,https://www.bukalapak.com/c/evoucher/pulsa-paket-data
Couple,https://www.bukalapak.com/c/fashion-anak/couple
Fashion Anak Laki Laki,https://www.bukalapak.com/c/fashion-anak/anak-laki-laki
Fashion Anak Perempuan,https://www.bukalapak.com/c/fashion-anak/anak-perempuan
Fashion Anak Unisex,https://www.bukalapak.com/c/fashion-anak/anak-unisex
Busana Muslim,https://www.bukalapak.com/c/fashion-anak/busana-muslim
Grosir Fashion Anak,https://www.bukalapak.com/c/fashion-anak/grosir-fashion-anak
Jam Tangan,https://www.bukalapak.com/c/fashion-pria/jam-tangan-171
Sepatu,https://www.bukalapak.com/c/fashion-pria/sepatu-169
Kacamata,https://www.bukalapak.com/c/fashion-pria/kacamata-172
Topi,https://www.bukalapak.com/c/fashion-pria/topi
Kaos,https://www.bukalapak.com/c/fashion-pria/kaos-165
Polo Shirt,https://www.bukalapak.com/c/fashion-pria/polo-shirt
Kemeja,https://www.bukalapak.com/c/fashion-pria/kemeja
Jas,https://www.bukalapak.com/c/fashion-pria/jas
Sweater,https://www.bukalapak.com/c/fashion-pria/sweater-297
Jaket,https://www.bukalapak.com/c/fashion-pria/jaket
Pakaian Dalam,https://www.bukalapak.com/c/fashion-pria/pakaian-dalam
Tas Pria,https://www.bukalapak.com/c/fashion-pria/tas-pria
Jeans,https://www.bukalapak.com/c/fashion-pria/jeans
Celana,https://www.bukalapak.com/c/fashion-pria/celana-299
Sandal,https://www.bukalapak.com/c/fashion-pria/sandal
Dompet,https://www.bukalapak.com/c/fashion-pria/dompet-302
Piyama Baju Tidur,https://www.bukalapak.com/c/fashion-pria/piyama-baju-tidur-2657
Sarung Tangan,https://www.bukalapak.com/c/fashion-pria/sarung-tangan
Ikat Pinggang,https://www.bukalapak.com/c/fashion-pria/ikat-pinggang-1089
Perhiasan Aksesoris,https://www.bukalapak.com/c/fashion-pria/perhiasan-aksesoris-170
Kaus Kaki,https://www.bukalapak.com/c/fashion-pria/kaus-kaki
Baju Muslim Perlengkapan Sholat,https://www.bukalapak.com/c/fashion-pria/baju-muslim-perlengkapan-sholat
Bahan Kain,https://www.bukalapak.com/c/fashion-pria/bahan-kain-2002
Grosir Fashion Pria,https://www.bukalapak.com/c/fashion-pria/grosir-fashion-pria
Sandal,https://www.bukalapak.com/c/fashion-wanita/sandal-2038
Tas Wanita,https://www.bukalapak.com/c/fashion-wanita/tas-wanita
Jilbab,https://www.bukalapak.com/c/fashion-wanita/jilbab-2571
Jam Tangan,https://www.bukalapak.com/c/fashion-wanita/jam-tangan
Perhiasan Aksesoris,https://www.bukalapak.com/c/fashion-wanita/perhiasan-aksesoris
Baju Muslim Perlengkapan Sholat,https://www.bukalapak.com/c/fashion-wanita/baju-muslim-perlengkapan-sholat-2555
Kacamata,https://www.bukalapak.com/c/fashion-wanita/kacamata
Topi,https://www.bukalapak.com/c/fashion-wanita/topi-1096
Kaos,https://www.bukalapak.com/c/fashion-wanita/kaos
Polo Shirt,https://www.bukalapak.com/c/fashion-wanita/polo-shirt-1099
Kemeja Blouse,https://www.bukalapak.com/c/fashion-wanita/kemeja-blouse
Dress,https://www.bukalapak.com/c/fashion-wanita/dress
Sweater,https://www.bukalapak.com/c/fashion-wanita/sweater
Jaket,https://www.bukalapak.com/c/fashion-wanita/jaket-284
Bolero Cardigan,https://www.bukalapak.com/c/fashion-wanita/bolero-cardigan
Kebaya,https://www.bukalapak.com/c/fashion-wanita/kebaya
Rok,https://www.bukalapak.com/c/fashion-wanita/rok
Legging Stocking,https://www.bukalapak.com/c/fashion-wanita/legging-stocking
Baju Hamil,https://www.bukalapak.com/c/fashion-wanita/baju-hamil
Bikini,https://www.bukalapak.com/c/fashion-wanita/bikini
Pakaian Dalam Lingerie,https://www.bukalapak.com/c/fashion-wanita/pakaian-dalam-lingerie
Jeans,https://www.bukalapak.com/c/fashion-wanita/jeans-1093
Celana,https://www.bukalapak.com/c/fashion-wanita/celana
Sepatu,https://www.bukalapak.com/c/fashion-wanita/sepatu-16
Sendal,https://www.bukalapak.com/c/fashion-wanita/sendal-294
Dompet,https://www.bukalapak.com/c/fashion-wanita/dompet
Sarung Tangan,https://www.bukalapak.com/c/fashion-wanita/sarung-tangan-935
Ikat Pinggang,https://www.bukalapak.com/c/fashion-wanita/ikat-pinggang
Kaus Kaki,https://www.bukalapak.com/c/fashion-wanita/kaus-kaki-1116
Piyama Baju Tidur,https://www.bukalapak.com/c/fashion-wanita/piyama-baju-tidur
Jumpsuit,https://www.bukalapak.com/c/fashion-wanita/jumpsuit
Bahan Kain,https://www.bukalapak.com/c/fashion-wanita/bahan-kain
Grosir Fashion Wanita,https://www.bukalapak.com/c/fashion-wanita/grosir-fashion-wanita
Makanan,https://www.bukalapak.com/c/food/makanan
Minuman,https://www.bukalapak.com/c/food/minuman
Cemilan Snack,https://www.bukalapak.com/c/food/cemilan-snack
Dairy Products,https://www.bukalapak.com/c/food/dairy-products
Bumbu,https://www.bukalapak.com/c/food/bumbu
Bahan Mentah,https://www.bukalapak.com/c/food/bahan-mentah
Merchant,https://www.bukalapak.com/c/food/merchant
Makanan Jadi,https://www.bukalapak.com/c/food/makanan-jadi
Beras,https://www.bukalapak.com/c/food/beras
Makanan Kaleng,https://www.bukalapak.com/c/food/makanan-kaleng
Makanan Beku,https://www.bukalapak.com/c/food/makanan-beku
Mie Pasta,https://www.bukalapak.com/c/food/mie-pasta
Grosir Food,https://www.bukalapak.com/c/food/grosir-food
Telur Protein,https://www.bukalapak.com/c/food/telur-protein
Bahan Kue,https://www.bukalapak.com/c/food/bahan-kue
Makanan Sarapan,https://www.bukalapak.com/c/food/makanan-sarapan
Makanan Kering,https://www.bukalapak.com/c/food/makanan-kering
Kopi,https://www.bukalapak.com/c/food/kopi
Kue,https://www.bukalapak.com/c/food/kue
Paket Parsel Makanan,https://www.bukalapak.com/c/food/paket-parsel-makanan
Sayur Buah,https://www.bukalapak.com/c/food/sayur-buah
Tepung,https://www.bukalapak.com/c/food/tepung
Teh,https://www.bukalapak.com/c/food/teh
Sofa,https://www.bukalapak.com/c/furniture-7321/sofa-7324
Meja Kursi Kerja,https://www.bukalapak.com/c/furniture-7321/meja-kursi-kerja-7327
Kasur,https://www.bukalapak.com/c/furniture-7321/kasur-7330
Tempat Tidur,https://www.bukalapak.com/c/furniture-7321/tempat-tidur-7333
Meja Kursi Makan,https://www.bukalapak.com/c/furniture-7321/meja-kursi-makan-7336
Rak Penyimpanan,https://www.bukalapak.com/c/furniture-7321/rak-penyimpanan-7339
Lemari Pakaian,https://www.bukalapak.com/c/furniture-7321/lemari-pakaian-7342
Meja Tamu Nakas,https://www.bukalapak.com/c/furniture-7321/meja-tamu-nakas-7345
Kabinet Dapur Troli,https://www.bukalapak.com/c/furniture-7321/kabinet-dapur-troli-7348
Penyimpanan Kantor,https://www.bukalapak.com/c/furniture-7321/penyimpanan-kantor-7351
G Kulkas Showcase,https://www.bukalapak.com/c/g-elektronik/g-kulkas-showcase
G Elektronik Dapur,https://www.bukalapak.com/c/g-elektronik/g-elektronik-dapur
G Kipas Angin,https://www.bukalapak.com/c/g-elektronik/g-kipas-angin
G Dispenser,https://www.bukalapak.com/c/g-elektronik/g-dispenser
G Elektronik Audio,https://www.bukalapak.com/c/g-elektronik/g-elektronik-audio
G Home Theater,https://www.bukalapak.com/c/g-elektronik/g-home-theater
G Cd Vcd Dvd Blu Ray Player,https://www.bukalapak.com/c/g-elektronik/g-cd-vcd-dvd-blu-ray-player
G Gps,https://www.bukalapak.com/c/g-elektronik/g-gps
G Televisi,https://www.bukalapak.com/c/g-elektronik/g-televisi
G Mesin Cuci,https://www.bukalapak.com/c/g-elektronik/g-mesin-cuci
G Ac,https://www.bukalapak.com/c/g-elektronik/g-ac
G Media Player Set Top Box,https://www.bukalapak.com/c/g-elektronik/g-media-player-set-top-box
G Telepon,https://www.bukalapak.com/c/g-elektronik/g-telepon
G Lampu Alat Penerangan,https://www.bukalapak.com/c/g-elektronik/g-lampu-alat-penerangan
G Elektronik,https://www.bukalapak.com/c/g-elektronik/g-elektronik-5938
G Walkie Talkie,https://www.bukalapak.com/c/g-elektronik/g-walkie-talkie
G Komponen Elektronik,https://www.bukalapak.com/c/g-elektronik/g-komponen-elektronik
G Radio Tape,https://www.bukalapak.com/c/g-elektronik/g-radio-tape
G Voice Recorder,https://www.bukalapak.com/c/g-elektronik/g-voice-recorder
G Mesin Jahit,https://www.bukalapak.com/c/g-elektronik/g-mesin-jahit
G Aksesoris Tv Video,https://www.bukalapak.com/c/g-elektronik/g-aksesoris-tv-video
G Elektronik Lainnya,https://www.bukalapak.com/c/g-elektronik/g-elektronik-lainnya
G Stop Kontak,https://www.bukalapak.com/c/g-elektronik/g-stop-kontak
G Grosir Elektronik,https://www.bukalapak.com/c/g-elektronik/g-grosir-elektronik
G Setrika Steamer,https://www.bukalapak.com/c/g-elektronik/g-setrika-steamer
G Humidifier Dehumidifier,https://www.bukalapak.com/c/g-elektronik/g-humidifier-dehumidifier
G Air Purifier,https://www.bukalapak.com/c/g-elektronik/g-air-purifier
G Vacuum Cleaner,https://www.bukalapak.com/c/g-elektronik/g-vacuum-cleaner
G Portable Audio Player,https://www.bukalapak.com/c/g-elektronik/g-portable-audio-player
G Baterai,https://www.bukalapak.com/c/g-elektronik/g-baterai
G Proyektor,https://www.bukalapak.com/c/g-elektronik/g-proyektor
G Wearable Devices,https://www.bukalapak.com/c/g-handphone/g-wearable-devices
G Aksesoris Handphone,https://www.bukalapak.com/c/g-handphone/g-aksesoris-handphone
G Tablet,https://www.bukalapak.com/c/g-handphone/g-tablet
G Headset Earphone,https://www.bukalapak.com/c/g-handphone/g-headset-earphone
G Hp Smartphone,https://www.bukalapak.com/c/g-handphone/g-hp-smartphone
G Grosir Handphone,https://www.bukalapak.com/c/g-handphone/g-grosir-handphone
G Handphone,https://www.bukalapak.com/c/g-handphone/g-handphone-6010
G Kartu Perdana,https://www.bukalapak.com/c/g-handphone/g-kartu-perdana
G Power Bank,https://www.bukalapak.com/c/g-handphone/g-power-bank
G Memory Card,https://www.bukalapak.com/c/g-handphone/g-memory-card
G Spare Part Tools Handphone,https://www.bukalapak.com/c/g-handphone/g-spare-part-tools-handphone
G Aksesoris Kamera,https://www.bukalapak.com/c/g-kamera/g-aksesoris-kamera
G Kamera,https://www.bukalapak.com/c/g-kamera/g-kamera-6028
G Hood Cap,https://www.bukalapak.com/c/g-kamera/g-hood-cap
G Kamera Analog,https://www.bukalapak.com/c/g-kamera/g-kamera-analog
G Drone,https://www.bukalapak.com/c/g-kamera/g-drone
G Action Camera,https://www.bukalapak.com/c/g-kamera/g-action-camera
G Monopod Tripod Rig,https://www.bukalapak.com/c/g-kamera/g-monopod-tripod-rig
G Lensa,https://www.bukalapak.com/c/g-kamera/g-lensa
G Remote Trigger,https://www.bukalapak.com/c/g-kamera/g-remote-trigger
G Grosir Kamera,https://www.bukalapak.com/c/g-kamera/g-grosir-kamera
G Handycam,https://www.bukalapak.com/c/g-kamera/g-handycam
G Baterai,https://www.bukalapak.com/c/g-kamera/g-baterai-6061
G Memory Card,https://www.bukalapak.com/c/g-kamera/g-memory-card-6064
G Converter Adapter,https://www.bukalapak.com/c/g-kamera/g-converter-adapter
G Kamera Digital,https://www.bukalapak.com/c/g-kamera/g-kamera-digital
G Spy Cam,https://www.bukalapak.com/c/g-kamera/g-spy-cam
G Filter,https://www.bukalapak.com/c/g-kamera/g-filter
G Cctv,https://www.bukalapak.com/c/g-kamera/g-cctv
G Sparepart Kamera,https://www.bukalapak.com/c/g-kamera/g-sparepart-kamera
G Flash,https://www.bukalapak.com/c/g-kamera/g-flash
G Tas Case,https://www.bukalapak.com/c/g-kamera/g-tas-case
G Charger,https://www.bukalapak.com/c/g-kamera/g-charger
G Perlengkapan Studio,https://www.bukalapak.com/c/g-kamera/g-perlengkapan-studio
G Gimbal Stabilizer,https://www.bukalapak.com/c/g-kamera/g-gimbal-stabilizer
G Strap,https://www.bukalapak.com/c/g-kamera/g-strap
G Aksesoris,https://www.bukalapak.com/c/g-komputer/g-aksesoris
G Printer Scanner,https://www.bukalapak.com/c/g-komputer/g-printer-scanner
G Monitor,https://www.bukalapak.com/c/g-komputer/g-monitor
G Gaming,https://www.bukalapak.com/c/g-komputer/g-gaming
G Hardware,https://www.bukalapak.com/c/g-komputer/g-hardware
G Laptop,https://www.bukalapak.com/c/g-komputer/g-laptop
G Server,https://www.bukalapak.com/c/g-komputer/g-server
G Desktop,https://www.bukalapak.com/c/g-komputer/g-desktop
G Grosir Komputer,https://www.bukalapak.com/c/g-komputer/g-grosir-komputer
G Software Original,https://www.bukalapak.com/c/g-komputer/g-software-original
G Mini Pc,https://www.bukalapak.com/c/g-komputer/g-mini-pc
G Scanner,https://www.bukalapak.com/c/g-komputer/g-scanner
G Komputer,https://www.bukalapak.com/c/g-komputer/g-komputer-7018
Free Fire,https://www.bukalapak.com/c/games/free-fire
Mobile Legends,https://www.bukalapak.com/c/games/mobile-legends
Pubg,https://www.bukalapak.com/c/games/pubg
Valorant,https://www.bukalapak.com/c/games/valorant
Growtopia,https://www.bukalapak.com/c/games/growtopia
Higgs Domino,https://www.bukalapak.com/c/games/higgs-domino
Royal Domino,https://www.bukalapak.com/c/games/royal-domino
Boss Domino,https://www.bukalapak.com/c/games/boss-domino
Games Lainnya,https://www.bukalapak.com/c/games/games-lainnya
Higgs Bearfish,https://www.bukalapak.com/c/games/higgs-bearfish
Genshin Impact,https://www.bukalapak.com/c/games/genshin-impact
Ragnarok,https://www.bukalapak.com/c/games/ragnarok
Aov,https://www.bukalapak.com/c/games/aov
Steam Wallet,https://www.bukalapak.com/c/games/steam-wallet
Playstation Network,https://www.bukalapak.com/c/games/playstation-network
Call Of Duty,https://www.bukalapak.com/c/games/call-of-duty
Sausage Man,https://www.bukalapak.com/c/games/sausage-man
Point Blank,https://www.bukalapak.com/c/games/point-blank
Roblox,https://www.bukalapak.com/c/games/roblox
Garena Shell,https://www.bukalapak.com/c/games/garena-shell
Dragon Raja,https://www.bukalapak.com/c/games/dragon-raja
Unipin Voucher,https://www.bukalapak.com/c/games/unipin-voucher
Lifeafter,https://www.bukalapak.com/c/games/lifeafter
Lords Mobile,https://www.bukalapak.com/c/games/lords-mobile
Chess Rush,https://www.bukalapak.com/c/games/chess-rush
Hago,https://www.bukalapak.com/c/games/hago
Dota,https://www.bukalapak.com/c/games/dota-2
Honkai Impact,https://www.bukalapak.com/c/games/honkai-impact-3
Pc Games,https://www.bukalapak.com/c/games/pc-games
Hp Smartphone,https://www.bukalapak.com/c/handphone/hp-smartphone
Wearable Devices,https://www.bukalapak.com/c/handphone/wearable-devices
Tablet,https://www.bukalapak.com/c/handphone/tablet
Power Bank,https://www.bukalapak.com/c/handphone/power-bank
Headset Earphone,https://www.bukalapak.com/c/handphone/headset-earphone
Aksesoris Handphone,https://www.bukalapak.com/c/handphone/aksesoris-handphone
Memory Card,https://www.bukalapak.com/c/handphone/memory-card
Spare Part Tools Handphone,https://www.bukalapak.com/c/handphone/spare-part-tools-handphone
Kartu Perdana,https://www.bukalapak.com/c/handphone/kartu-perdana
Grosir Handphone,https://www.bukalapak.com/c/handphone/grosir-handphone
Batu Cincin,https://www.bukalapak.com/c/hobi-koleksi/batu-cincin
Produk Dewasa,https://www.bukalapak.com/c/hobi-koleksi/produk-dewasa
Buku,https://www.bukalapak.com/c/hobi-koleksi/buku
Video Game,https://www.bukalapak.com/c/hobi-koleksi/video-game
Mainan,https://www.bukalapak.com/c/hobi-koleksi/mainan
Musik,https://www.bukalapak.com/c/hobi-koleksi/musik
Koleksi,https://www.bukalapak.com/c/hobi-koleksi/koleksi
Berkebun,https://www.bukalapak.com/c/hobi-koleksi/berkebun
Pet Food Stuff,https://www.bukalapak.com/c/hobi-koleksi/pet-food-stuff
Console,https://www.bukalapak.com/c/hobi-koleksi/console
Grosir Hobi Koleksi,https://www.bukalapak.com/c/hobi-koleksi/grosir-hobi-koleksi
Ikan Cupang Guppy,https://www.bukalapak.com/c/hobi-koleksi/ikan-cupang-guppy
Tools,https://www.bukalapak.com/c/industrial/tools
Mesin,https://www.bukalapak.com/c/industrial/mesin
Safety,https://www.bukalapak.com/c/industrial/safety
Peralatan Medis Laboratori,https://www.bukalapak.com/c/industrial/peralatan-medis-laboratori
Industrial Lainnya,https://www.bukalapak.com/c/industrial/industrial-lainnya
Perkakas Rumah Tangga,https://www.bukalapak.com/c/industrial/perkakas-rumah-tangga
Grosir Industrial,https://www.bukalapak.com/c/industrial/grosir-industrial
Trading Cards,https://www.bukalapak.com/c/itemx/trading-cards
Vehicle Models,https://www.bukalapak.com/c/itemx/vehicle-models
Figures,https://www.bukalapak.com/c/itemx/figures
Tickets,https://www.bukalapak.com/c/itemx/tickets
Hobbies,https://www.bukalapak.com/c/itemx/hobbies
Action Camera,https://www.bukalapak.com/c/kamera/action-camera
Drone,https://www.bukalapak.com/c/kamera/drone
Kamera Digital,https://www.bukalapak.com/c/kamera/kamera-digital
Handycam,https://www.bukalapak.com/c/kamera/handycam
Kamera Analog,https://www.bukalapak.com/c/kamera/kamera-analog
Cctv,https://www.bukalapak.com/c/kamera/cctv
Spy Cam,https://www.bukalapak.com/c/kamera/spy-cam
Lensa,https://www.bukalapak.com/c/kamera/lensa
Flash,https://www.bukalapak.com/c/kamera/flash
Baterai,https://www.bukalapak.com/c/kamera/baterai
Filter,https://www.bukalapak.com/c/kamera/filter
Hood Cap,https://www.bukalapak.com/c/kamera/hood-cap
Charger,https://www.bukalapak.com/c/kamera/charger
Memory Card,https://www.bukalapak.com/c/kamera/memory-card-194
Monopod Tripod Rig,https://www.bukalapak.com/c/kamera/monopod-tripod-rig
Converter Adapter,https://www.bukalapak.com/c/kamera/converter-adapter
Remote Trigger,https://www.bukalapak.com/c/kamera/remote-trigger
Tas Case,https://www.bukalapak.com/c/kamera/tas-case
Strap,https://www.bukalapak.com/c/kamera/strap
Perlengkapan Studio,https://www.bukalapak.com/c/kamera/perlengkapan-studio
Aksesoris Kamera,https://www.bukalapak.com/c/kamera/aksesoris-kamera
Sparepart Kamera,https://www.bukalapak.com/c/kamera/sparepart-kamera
Gimbal Stabilizer,https://www.bukalapak.com/c/kamera/gimbal-stabilizer
Grosir Kamera,https://www.bukalapak.com/c/kamera/grosir-kamera
Kesehatan Wanita,https://www.bukalapak.com/c/kesehatan-2359/kesehatan-wanita
Masker,https://www.bukalapak.com/c/kesehatan-2359/masker-4297
Obat Vitamin,https://www.bukalapak.com/c/kesehatan-2359/obat-vitamin
Kesehatan Mulut Gigi,https://www.bukalapak.com/c/kesehatan-2359/kesehatan-mulut-gigi
Kesehatan Mata,https://www.bukalapak.com/c/kesehatan-2359/kesehatan-mata
Kesehatan Telinga,https://www.bukalapak.com/c/kesehatan-2359/kesehatan-telinga
Alat Kesehatan,https://www.bukalapak.com/c/kesehatan-2359/alat-kesehatan
Tulang Otot Sendi,https://www.bukalapak.com/c/kesehatan-2359/tulang-otot-sendi
Essential Oil,https://www.bukalapak.com/c/kesehatan-2359/essential-oil
Produk Kesehatan Lainnya,https://www.bukalapak.com/c/kesehatan-2359/produk-kesehatan-lainnya
Grosir Kesehatan,https://www.bukalapak.com/c/kesehatan-2359/grosir-kesehatan
Hardware,https://www.bukalapak.com/c/komputer/hardware
Gaming,https://www.bukalapak.com/c/komputer/gaming
Aksesoris,https://www.bukalapak.com/c/komputer/aksesoris-226
Desktop,https://www.bukalapak.com/c/komputer/desktop
Laptop,https://www.bukalapak.com/c/komputer/laptop
Server,https://www.bukalapak.com/c/komputer/server
Printer Scanner,https://www.bukalapak.com/c/komputer/printer-scanner
Software Original,https://www.bukalapak.com/c/komputer/software-original
Scanner,https://www.bukalapak.com/c/komputer/scanner
Monitor,https://www.bukalapak.com/c/komputer/monitor
Mini Pc,https://www.bukalapak.com/c/komputer/mini-pc
Grosir Komputer,https://www.bukalapak.com/c/komputer/grosir-komputer
Bukaemas Logam Mulia,https://www.bukalapak.com/c/logam-mulia/bukaemas-logam-mulia-7558
Bukaemas Perhiasan,https://www.bukalapak.com/c/logam-mulia/bukaemas-perhiasan-7564
Bukaemas Voucher Emas,https://www.bukalapak.com/c/logam-mulia/bukaemas-voucher-emas-7570
Emas,https://www.bukalapak.com/c/logam-mulia/emas
Voucher Emas,https://www.bukalapak.com/c/logam-mulia/voucher-emas
Gift Logam Mulia,https://www.bukalapak.com/c/logam-mulia/gift-logam-mulia
Perhiasan Emas,https://www.bukalapak.com/c/logam-mulia/perhiasan-emas
Male,https://www.bukalapak.com/c/luxury/male
Female,https://www.bukalapak.com/c/luxury/female
Unisex,https://www.bukalapak.com/c/luxury/unisex-5635
Ebook,https://www.bukalapak.com/c/media/ebook
Foto,https://www.bukalapak.com/c/media/foto
Musik,https://www.bukalapak.com/c/media/musik-3074
Video,https://www.bukalapak.com/c/media/video
Mobil,https://www.bukalapak.com/c/mobil-part-dan-aksesoris/mobil
Aksesoris Mobil,https://www.bukalapak.com/c/mobil-part-dan-aksesoris/aksesoris-mobil
Audio Mobil,https://www.bukalapak.com/c/mobil-part-dan-aksesoris/audio-mobil
Exhaust System Mobil,https://www.bukalapak.com/c/mobil-part-dan-aksesoris/exhaust-system-mobil
Eksterior Mobil,https://www.bukalapak.com/c/mobil-part-dan-aksesoris/eksterior-mobil
Interior Mobil,https://www.bukalapak.com/c/mobil-part-dan-aksesoris/interior-mobil
Kaki Kaki Mobil,https://www.bukalapak.com/c/mobil-part-dan-aksesoris/kaki-kaki-mobil
Mesin Mobil,https://www.bukalapak.com/c/mobil-part-dan-aksesoris/mesin-mobil
Produk Perawatan Mobil,https://www.bukalapak.com/c/mobil-part-dan-aksesoris/produk-perawatan-mobil
Ban Mobil,https://www.bukalapak.com/c/mobil-part-dan-aksesoris/ban-mobil
Velg Mobil,https://www.bukalapak.com/c/mobil-part-dan-aksesoris/velg-mobil
Grosir Mobil Part Dan Aksesories,https://www.bukalapak.com/c/mobil-part-dan-aksesoris/grosir-mobil-part-dan-aksesories
Motor,https://www.bukalapak.com/c/motor-471/motor
Sparepart Motor,https://www.bukalapak.com/c/motor-471/sparepart-motor
Aksesoris Motor,https://www.bukalapak.com/c/motor-471/aksesoris-motor
Produk Perawatan Motor,https://www.bukalapak.com/c/motor-471/produk-perawatan-motor
Outwear Motor,https://www.bukalapak.com/c/motor-471/outwear-motor
Grosir Motor,https://www.bukalapak.com/c/motor-471/grosir-motor
Surfing Diving,https://www.bukalapak.com/c/olahraga/surfing-diving
Lari,https://www.bukalapak.com/c/olahraga/lari
Badminton,https://www.bukalapak.com/c/olahraga/badminton
Renang,https://www.bukalapak.com/c/olahraga/renang
Pancing,https://www.bukalapak.com/c/olahraga/pancing
Tenis,https://www.bukalapak.com/c/olahraga/tenis
Tenis Meja,https://www.bukalapak.com/c/olahraga/tenis-meja
Sepakbola Futsal,https://www.bukalapak.com/c/olahraga/sepakbola-futsal
Basket,https://www.bukalapak.com/c/olahraga/basket
Golf,https://www.bukalapak.com/c/olahraga/golf
Outdoor,https://www.bukalapak.com/c/olahraga/outdoor
Hunting,https://www.bukalapak.com/c/olahraga/hunting
Exercise Fitness,https://www.bukalapak.com/c/olahraga/exercise-fitness
Skateboard,https://www.bukalapak.com/c/olahraga/skateboard
Roller Skate,https://www.bukalapak.com/c/olahraga/roller-skate
Yoga Pilates,https://www.bukalapak.com/c/olahraga/yoga-pilates
Olahraga Lainnya,https://www.bukalapak.com/c/olahraga/olahraga-lainnya
Grosir Olahraga,https://www.bukalapak.com/c/olahraga/grosir-olahraga
Suplemen Vitamin,https://www.bukalapak.com/c/olahraga/suplemen-vitamin
Perawatan Kaki Tangan Dan Kuku,https://www.bukalapak.com/c/perawatan-kecantikan/perawatan-kaki-tangan-dan-kuku
Perawatan Mata,https://www.bukalapak.com/c/perawatan-kecantikan/perawatan-mata
Perawatan Tubuh,https://www.bukalapak.com/c/perawatan-kecantikan/perawatan-tubuh-2311
Perawatan Wajah,https://www.bukalapak.com/c/perawatan-kecantikan/perawatan-wajah
Hair Care,https://www.bukalapak.com/c/perawatan-kecantikan/hair-care
Makeup,https://www.bukalapak.com/c/perawatan-kecantikan/makeup
Alat Kecantikan,https://www.bukalapak.com/c/perawatan-kecantikan/alat-kecantikan
Makeup Bibir,https://www.bukalapak.com/c/perawatan-kecantikan/makeup-bibir
Makeup Mata,https://www.bukalapak.com/c/perawatan-kecantikan/makeup-mata
Makeup Rambut,https://www.bukalapak.com/c/perawatan-kecantikan/makeup-rambut
Makeup Wajah,https://www.bukalapak.com/c/perawatan-kecantikan/makeup-wajah
Parfum,https://www.bukalapak.com/c/perawatan-kecantikan/parfum
Suplemen Diet,https://www.bukalapak.com/c/perawatan-kecantikan/suplemen-diet
Produk Kecantikan Lainnya,https://www.bukalapak.com/c/perawatan-kecantikan/produk-kecantikan-lainnya
Grosir Perawatan Kecantikan,https://www.bukalapak.com/c/perawatan-kecantikan/grosir-perawatan-kecantikan
Pembersih Pakaian,https://www.bukalapak.com/c/perawatan-rumah-tangga/pembersih-pakaian
Tisu,https://www.bukalapak.com/c/perawatan-rumah-tangga/tisu
Pengharum Ruangan,https://www.bukalapak.com/c/perawatan-rumah-tangga/pengharum-ruangan
Pembersih Lantai,https://www.bukalapak.com/c/perawatan-rumah-tangga/pembersih-lantai
Pembasmi Hama Serangga,https://www.bukalapak.com/c/perawatan-rumah-tangga/pembasmi-hama-serangga
Pembersih Dapur,https://www.bukalapak.com/c/perawatan-rumah-tangga/pembersih-dapur
Pembersih Luar Rumah,https://www.bukalapak.com/c/perawatan-rumah-tangga/pembersih-luar-rumah
Pembersih Kaca,https://www.bukalapak.com/c/perawatan-rumah-tangga/pembersih-kaca
Pembersih Kamar Mandi,https://www.bukalapak.com/c/perawatan-rumah-tangga/pembersih-kamar-mandi
Disinfektan,https://www.bukalapak.com/c/perawatan-rumah-tangga/disinfektan
Pembersih Lainnya,https://www.bukalapak.com/c/perawatan-rumah-tangga/pembersih-lainnya
Pakaian Bayi,https://www.bukalapak.com/c/perlengkapan-bayi/pakaian-bayi
Perlengkapan Makan,https://www.bukalapak.com/c/perlengkapan-bayi/perlengkapan-makan
Perlengkapan Mandi,https://www.bukalapak.com/c/perlengkapan-bayi/perlengkapan-mandi
Perlengkapan Tidur,https://www.bukalapak.com/c/perlengkapan-bayi/perlengkapan-tidur
Perawatan Tubuh,https://www.bukalapak.com/c/perlengkapan-bayi/perawatan-tubuh
Diapering,https://www.bukalapak.com/c/perlengkapan-bayi/diapering
Feeding Nursing,https://www.bukalapak.com/c/perlengkapan-bayi/feeding-nursing
Stroller Walker,https://www.bukalapak.com/c/perlengkapan-bayi/stroller-walker
Baby Carrier,https://www.bukalapak.com/c/perlengkapan-bayi/baby-carrier
Bouncer Chair,https://www.bukalapak.com/c/perlengkapan-bayi/bouncer-chair
Mainan,https://www.bukalapak.com/c/perlengkapan-bayi/mainan-663
Furniture,https://www.bukalapak.com/c/perlengkapan-bayi/furniture
Makanan,https://www.bukalapak.com/c/perlengkapan-bayi/makanan-711
Perlengkapan Bayi Lainnya,https://www.bukalapak.com/c/perlengkapan-bayi/perlengkapan-bayi-lainnya
Grosir Perlengkapan Bayi,https://www.bukalapak.com/c/perlengkapan-bayi/grosir-perlengkapan-bayi
Alat Tulis Kantor,https://www.bukalapak.com/c/perlengkapan-kantor/alat-tulis-kantor
Alat Kantor,https://www.bukalapak.com/c/perlengkapan-kantor/alat-kantor
Grosir Perlengkapan Kantor,https://www.bukalapak.com/c/perlengkapan-kantor/grosir-perlengkapan-kantor
Elektronik,https://www.bukalapak.com/c/rumah-tangga/elektronik-1111
Home Stuff,https://www.bukalapak.com/c/rumah-tangga/home-stuff
Furniture Interior,https://www.bukalapak.com/c/rumah-tangga/furniture-interior
Dapur,https://www.bukalapak.com/c/rumah-tangga/dapur
Kamar Tidur,https://www.bukalapak.com/c/rumah-tangga/kamar-tidur
Kamar Mandi,https://www.bukalapak.com/c/rumah-tangga/kamar-mandi
Ruang Makan,https://www.bukalapak.com/c/rumah-tangga/ruang-makan
Perlengkapan Kebersihan,https://www.bukalapak.com/c/rumah-tangga/perlengkapan-kebersihan
Tempat Penyimpanan Organizer,https://www.bukalapak.com/c/rumah-tangga/tempat-penyimpanan-organizer
Gembok Kunci Pengaman,https://www.bukalapak.com/c/rumah-tangga/gembok-kunci-pengaman
Payung,https://www.bukalapak.com/c/rumah-tangga/payung
Jam,https://www.bukalapak.com/c/rumah-tangga/jam
Travel,https://www.bukalapak.com/c/rumah-tangga/travel
Laundry,https://www.bukalapak.com/c/rumah-tangga/laundry
Grosir Rumah Tangga,https://www.bukalapak.com/c/rumah-tangga/grosir-rumah-tangga
Grosir Kamera,https://www.bukalapak.com/c/sepeda/grosir-kamera-6049
Equipment Tools,https://www.bukalapak.com/c/sepeda/equipment-tools
Outwear,https://www.bukalapak.com/c/sepeda/outwear
Fullbike,https://www.bukalapak.com/c/sepeda/fullbike
Frame,https://www.bukalapak.com/c/sepeda/frame
Fork Suspension,https://www.bukalapak.com/c/sepeda/fork-suspension
Steering,https://www.bukalapak.com/c/sepeda/steering
Brake,https://www.bukalapak.com/c/sepeda/brake
Saddle Seatpost,https://www.bukalapak.com/c/sepeda/saddle-seatpost
Drivetrain,https://www.bukalapak.com/c/sepeda/drivetrain
Wheel Hub Rims Dll,https://www.bukalapak.com/c/sepeda/wheel-hub-rims-dll
Part Generik,https://www.bukalapak.com/c/sepeda/part-generik
Nutrition Energy,https://www.bukalapak.com/c/sepeda/nutrition-energy
Grosir Sepeda,https://www.bukalapak.com/c/sepeda/grosir-sepeda
Hand Tools,https://www.bukalapak.com/c/sparca-industrial/hand-tools
Power Tools,https://www.bukalapak.com/c/sparca-industrial/power-tools
Perlengkapan Listrik,https://www.bukalapak.com/c/sparca-industrial/perlengkapan-listrik
Pneumatic,https://www.bukalapak.com/c/sparca-industrial/pneumatic
Perlengkapan Las,https://www.bukalapak.com/c/sparca-industrial/perlengkapan-las
Baut Mur Pengencang,https://www.bukalapak.com/c/sparca-industrial/baut-mur-pengencang
Machinery,https://www.bukalapak.com/c/sparca-industrial/machinery
Alat Ukur Industri,https://www.bukalapak.com/c/sparca-industrial/alat-ukur-industri
Motors Power Transmission,https://www.bukalapak.com/c/sparca-industrial/motors-power-transmission
Tenaga Surya,https://www.bukalapak.com/c/sparca-industrial/tenaga-surya
Cat Perlengkapan,https://www.bukalapak.com/c/sparca-industrial/cat-perlengkapan-6175
Tape Sealant Perekat,https://www.bukalapak.com/c/sparca-industrial/tape-sealant-perekat-6181
Perkakas Rumah Tangga,https://www.bukalapak.com/c/sparca-industrial/perkakas-rumah-tangga-7576
Audio Video Mobil,https://www.bukalapak.com/c/sparca-mobil/audio-video-mobil-5848
Eksterior Mobil,https://www.bukalapak.com/c/sparca-mobil/eksterior-mobil-5851
Interior Mobil,https://www.bukalapak.com/c/sparca-mobil/interior-mobil-5860
Perkakas Mobil,https://www.bukalapak.com/c/sparca-mobil/perkakas-mobil
Sparepart Mobil,https://www.bukalapak.com/c/sparca-mobil/sparepart-mobil
Ban Velg Knalpot Mobil,https://www.bukalapak.com/c/sparca-mobil/ban-velg-knalpot-mobil
Perawatan Mobil,https://www.bukalapak.com/c/sparca-mobil/perawatan-mobil
Aksesoris Motor,https://www.bukalapak.com/c/sparca-motor/aksesoris-motor-5827
Aksesoris Riding,https://www.bukalapak.com/c/sparca-motor/aksesoris-riding
Helm Motor,https://www.bukalapak.com/c/sparca-motor/helm-motor
Sparepart Motor,https://www.bukalapak.com/c/sparca-motor/sparepart-motor-5836
Oli Penghemat Bbm,https://www.bukalapak.com/c/sparca-motor/oli-penghemat-bbm
Ban Velg Knalpot Motor,https://www.bukalapak.com/c/sparca-motor/ban-velg-knalpot-motor
Makanan Minuman,https://www.bukalapak.com/c/tiket-voucher/makanan-minuman
Travel Hiburan,https://www.bukalapak.com/c/tiket-voucher/travel-hiburan
Tiket Voucher Lainnya,https://www.bukalapak.com/c/tiket-voucher/tiket-voucher-lainnya
Kartu Uang Elektronik,https://www.bukalapak.com/c/tiket-voucher/kartu-uang-elektronik
Voucher Donasi,https://www.bukalapak.com/c/tiket-voucher/voucher-donasi
Liquid,https://www.bukalapak.com/c/vape/liquid-5560
Spareparts,https://www.bukalapak.com/c/vape/spareparts
Device,https://www.bukalapak.com/c/vape/device
Merchandise,https://www.bukalapak.com/c/vape/merchandise
